e,eLabel,start,end,sprec,kindLabel,sitelinks,whereLabel,whereStart,whereEnd,whereHistorical
http://www.wikidata.org/entity/Q131386,Battle of Alesia,-0051-07-01T00:00:00Z,-0051-09-01T00:00:00Z,10,siege,50,France,0481-01-01T00:00:00Z,,false
http://www.wikidata.org/entity/Q131386,Battle of Alesia,-0051-07-01T00:00:00Z,-0051-09-01T00:00:00Z,10,siege,50,France,0843-08-01T00:00:00Z,,false
http://www.wikidata.org/entity/Q131386,Battle of Alesia,-0051-07-01T00:00:00Z,-0051-09-01T00:00:00Z,10,siege,50,France,1804-05-18T00:00:00Z,,false
http://www.wikidata.org/entity/Q131386,Battle of Alesia,-0051-07-01T00:00:00Z,-0051-09-01T00:00:00Z,10,battle,50,France,0481-01-01T00:00:00Z,,false
http://www.wikidata.org/entity/Q131386,Battle of Alesia,-0051-07-01T00:00:00Z,-0051-09-01T00:00:00Z,10,battle,50,France,0843-08-01T00:00:00Z,,false
http://www.wikidata.org/entity/Q131386,Battle of Alesia,-0051-07-01T00:00:00Z,-0051-09-01T00:00:00Z,10,battle,50,France,1804-05-18T00:00:00Z,,false
http://www.wikidata.org/entity/Q133423,Valley of the Kings,-1499-01-01T00:00:00Z,-1000-01-01T00:00:00Z,9,archaeological site,88,Egypt,1922-02-28T00:00:00Z,,false
http://www.wikidata.org/entity/Q133423,Valley of the Kings,-1499-01-01T00:00:00Z,-1000-01-01T00:00:00Z,9,necropolis,88,Egypt,1922-02-28T00:00:00Z,,false
http://www.wikidata.org/entity/Q133423,Valley of the Kings,-1499-01-01T00:00:00Z,-1000-01-01T00:00:00Z,9,valley,88,Egypt,1922-02-28T00:00:00Z,,false
http://www.wikidata.org/entity/Q169320,Trialeti-Vanadzor culture,-2199-01-01T00:00:00Z,-1499-01-01T00:00:00Z,9,archaeological culture,21,Georgia,1991-12-25T00:00:00Z,,false
http://www.wikidata.org/entity/Q187979,Early Dynastic Period of Egypt,-3099-01-01T00:00:00Z,-2685-01-01T00:00:00Z,9,historical period,60,Egypt,1922-02-28T00:00:00Z,,false
http://www.wikidata.org/entity/Q260386,Valley of the Queens,-1294-01-01T00:00:00Z,-1069-01-01T00:00:00Z,9,archaeological site,46,Egypt,1922-02-28T00:00:00Z,,false
http://www.wikidata.org/entity/Q260386,Valley of the Queens,-1294-01-01T00:00:00Z,-1069-01-01T00:00:00Z,9,necropolis,46,Egypt,1922-02-28T00:00:00Z,,false
http://www.wikidata.org/entity/Q260386,Valley of the Queens,-1294-01-01T00:00:00Z,-1069-01-01T00:00:00Z,9,wadi,46,Egypt,1922-02-28T00:00:00Z,,false
http://www.wikidata.org/entity/Q459376,Andronovo culture,-2299-01-01T00:00:00Z,-0999-01-01T00:00:00Z,9,archaeological culture,43,Russia,1263-01-01T00:00:00Z,,false
http://www.wikidata.org/entity/Q500099,Jastorf culture,-0599-01-01T00:00:00Z,0000-01-01T00:00:00Z,9,archaeological culture,27,Germany,1949-05-23T00:00:00Z,,false
http://www.wikidata.org/entity/Q666758,Saqqaq culture,-2499-01-01T00:00:00Z,-0799-01-01T00:00:00Z,9,archaeological culture,21,Greenland,,,false
http://www.wikidata.org/entity/Q759985,Red Eyebrows,0017-01-01T00:00:00Z,0027-01-01T00:00:00Z,9,rebellion,26,People's Republic of China,1949-10-01T00:00:00Z,,false
http://www.wikidata.org/entity/Q1051663,Erlitou culture,-1999-01-01T00:00:00Z,-1499-01-01T00:00:00Z,9,archaeological culture,30,People's Republic of China,1949-10-01T00:00:00Z,,false
http://www.wikidata.org/entity/Q1076902,Chremonidean War,-0266-01-01T00:00:00Z,-0260-01-01T00:00:00Z,9,war,24,Greece,1821-04-06T00:00:00Z,,false
http://www.wikidata.org/entity/Q1760729,Alashiya,-1999-01-01T00:00:00Z,-0999-01-01T00:00:00Z,9,historical country,24,Cyprus,1960-08-16T00:00:00Z,,false
http://www.wikidata.org/entity/Q1760729,Alashiya,-1999-01-01T00:00:00Z,-0999-01-01T00:00:00Z,9,kingdom,24,Cyprus,1960-08-16T00:00:00Z,,false
http://www.wikidata.org/entity/Q2116320,Final War of the Roman Republic,-0031-01-01T00:00:00Z,-0029-01-01T00:00:00Z,9,civil war,27,Egypt,1922-02-28T00:00:00Z,,false
http://www.wikidata.org/entity/Q2422375,Roman conquest of Hispania,-0217-01-01T00:00:00Z,-0018-01-01T00:00:00Z,9,conquest,23,Portugal,1128-07-01T00:00:00Z,,false
http://www.wikidata.org/entity/Q2422375,Roman conquest of Hispania,-0217-01-01T00:00:00Z,-0018-01-01T00:00:00Z,9,conquest,23,Portugal,1139-08-01T00:00:00Z,,false
http://www.wikidata.org/entity/Q2422375,Roman conquest of Hispania,-0217-01-01T00:00:00Z,-0018-01-01T00:00:00Z,9,conquest,23,Portugal,1179-05-30T00:00:00Z,,false
http://www.wikidata.org/entity/Q4115189,Wikidata Sandbox,-1199-01-01T00:00:00Z,2050-05-05T00:00:00Z,11,Wikidata internal entity,23,Malta,1964-09-21T00:00:00Z,,false
http://www.wikidata.org/entity/Q4115189,Wikidata Sandbox,-1200-12-21T00:00:00Z,2050-05-05T00:00:00Z,11,Wikidata internal entity,23,Malta,1964-09-21T00:00:00Z,,false
http://www.wikidata.org/entity/Q4115189,Wikidata Sandbox,-1199-01-01T00:00:00Z,2022-02-22T00:00:00Z,11,Wikidata internal entity,23,Malta,1964-09-21T00:00:00Z,,false
http://www.wikidata.org/entity/Q4115189,Wikidata Sandbox,-1200-12-21T00:00:00Z,2022-02-22T00:00:00Z,11,Wikidata internal entity,23,Malta,1964-09-21T00:00:00Z,,false
http://www.wikidata.org/entity/Q4115189,Wikidata Sandbox,-1199-01-01T00:00:00Z,2050-05-05T00:00:00Z,11,human whose existence is disputed,23,Malta,1964-09-21T00:00:00Z,,false
http://www.wikidata.org/entity/Q4115189,Wikidata Sandbox,-1200-12-21T00:00:00Z,2050-05-05T00:00:00Z,11,human whose existence is disputed,23,Malta,1964-09-21T00:00:00Z,,false
http://www.wikidata.org/entity/Q4115189,Wikidata Sandbox,-1199-01-01T00:00:00Z,2022-02-22T00:00:00Z,11,human whose existence is disputed,23,Malta,1964-09-21T00:00:00Z,,false
http://www.wikidata.org/entity/Q4115189,Wikidata Sandbox,-1200-12-21T00:00:00Z,2022-02-22T00:00:00Z,11,human whose existence is disputed,23,Malta,1964-09-21T00:00:00Z,,false
http://www.wikidata.org/entity/Q4115189,Wikidata Sandbox,-1199-01-01T00:00:00Z,2050-05-05T00:00:00Z,11,test,23,Malta,1964-09-21T00:00:00Z,,false
http://www.wikidata.org/entity/Q4115189,Wikidata Sandbox,-1200-12-21T00:00:00Z,2050-05-05T00:00:00Z,11,test,23,Malta,1964-09-21T00:00:00Z,,false
http://www.wikidata.org/entity/Q4115189,Wikidata Sandbox,-1199-01-01T00:00:00Z,2022-02-22T00:00:00Z,11,test,23,Malta,1964-09-21T00:00:00Z,,false
http://www.wikidata.org/entity/Q4115189,Wikidata Sandbox,-1200-12-21T00:00:00Z,2022-02-22T00:00:00Z,11,test,23,Malta,1964-09-21T00:00:00Z,,false
http://www.wikidata.org/entity/Q4115189,Wikidata Sandbox,-1199-01-01T00:00:00Z,2050-05-05T00:00:00Z,11,unidentified flying object,23,Malta,1964-09-21T00:00:00Z,,false
http://www.wikidata.org/entity/Q4115189,Wikidata Sandbox,-1200-12-21T00:00:00Z,2050-05-05T00:00:00Z,11,unidentified flying object,23,Malta,1964-09-21T00:00:00Z,,false
http://www.wikidata.org/entity/Q4115189,Wikidata Sandbox,-1199-01-01T00:00:00Z,2022-02-22T00:00:00Z,11,unidentified flying object,23,Malta,1964-09-21T00:00:00Z,,false
http://www.wikidata.org/entity/Q4115189,Wikidata Sandbox,-1200-12-21T00:00:00Z,2022-02-22T00:00:00Z,11,unidentified flying object,23,Malta,1964-09-21T00:00:00Z,,false
http://www.wikidata.org/entity/Q5736,Amarna,-1352-01-01T00:00:00Z,-1334-01-01T00:00:00Z,9,ancient city,57,Egypt,1922-02-28T00:00:00Z,,false
http://www.wikidata.org/entity/Q5736,Amarna,-1352-01-01T00:00:00Z,-1334-01-01T00:00:00Z,9,archaeological site,57,Egypt,1922-02-28T00:00:00Z,,false
http://www.wikidata.org/entity/Q5736,Amarna,-1352-01-01T00:00:00Z,-1334-01-01T00:00:00Z,9,tell,57,Egypt,1922-02-28T00:00:00Z,,false
http://www.wikidata.org/entity/Q13703,Mesoamerica,-2499-01-01T00:00:00Z,1521-01-01T00:00:00Z,9,cultural superarea,90,Mexico,1810-09-16T00:00:00Z,,false
http://www.wikidata.org/entity/Q13703,Mesoamerica,-2499-01-01T00:00:00Z,1521-01-01T00:00:00Z,9,cultural region,90,Mexico,1810-09-16T00:00:00Z,,false
http://www.wikidata.org/entity/Q13703,Mesoamerica,-2499-01-01T00:00:00Z,1521-01-01T00:00:00Z,9,historical region,90,Mexico,1810-09-16T00:00:00Z,,false
http://www.wikidata.org/entity/Q13703,Mesoamerica,-2499-01-01T00:00:00Z,1521-01-01T00:00:00Z,9,concept,90,Mexico,1810-09-16T00:00:00Z,,false
http://www.wikidata.org/entity/Q13703,Mesoamerica,-2499-01-01T00:00:00Z,1521-01-01T00:00:00Z,9,region,90,Mexico,1810-09-16T00:00:00Z,,false
http://www.wikidata.org/entity/Q75665,Second Macedonian War,-0199-01-01T00:00:00Z,-0196-01-01T00:00:00Z,9,war,37,Greece,1821-04-06T00:00:00Z,,false
http://www.wikidata.org/entity/Q131976,Ptolemaic dynasty,-0331-01-01T00:00:00Z,-0029-01-01T00:00:00Z,9,dynasty,79,Ancient Egypt,-4000-01-01T00:00:00Z,-0029-01-01T00:00:00Z,true
http://www.wikidata.org/entity/Q146055,Eighteenth Dynasty of Egypt,-1549-01-01T00:00:00Z,-1294-01-01T00:00:00Z,9,Egyptian dynasty,58,Ancient Egypt,-4000-01-01T00:00:00Z,-0029-01-01T00:00:00Z,true
http://www.wikidata.org/entity/Q169320,Trialeti-Vanadzor culture,-2199-01-01T00:00:00Z,-1499-01-01T00:00:00Z,9,archaeological culture,21,Armenia,1991-09-23T00:00:00Z,,false
http://www.wikidata.org/entity/Q169349,Kura–Araxes culture,-3399-01-01T00:00:00Z,-1999-01-01T00:00:00Z,9,archaeological site,25,Iran,1979-04-01T00:00:00Z,,false
http://www.wikidata.org/entity/Q169349,Kura–Araxes culture,-3399-01-01T00:00:00Z,-1999-01-01T00:00:00Z,9,archaeological culture,25,Iran,1979-04-01T00:00:00Z,,false
http://www.wikidata.org/entity/Q180568,Egyptian Empire,-1549-01-01T00:00:00Z,-1069-01-01T00:00:00Z,9,historical period,74,Ancient Egypt,-4000-01-01T00:00:00Z,-0029-01-01T00:00:00Z,true
http://www.wikidata.org/entity/Q206414,Principate,-0026-01-01T00:00:00Z,0284-01-01T00:00:00Z,9,historical period,52,Roman Empire,,0395-01-18T00:00:00Z,true
http://www.wikidata.org/entity/Q206414,Principate,-0026-01-01T00:00:00Z,0284-01-01T00:00:00Z,9,form of government,52,Roman Empire,,0395-01-18T00:00:00Z,true
http://www.wikidata.org/entity/Q206715,Second Intermediate Period of Egypt,-1781-01-01T00:00:00Z,-1569-01-01T00:00:00Z,9,era,55,Ancient Egypt,-4000-01-01T00:00:00Z,-0029-01-01T00:00:00Z,true
http://www.wikidata.org/entity/Q206715,Second Intermediate Period of Egypt,-1781-01-01T00:00:00Z,-1569-01-01T00:00:00Z,9,periodization,55,Ancient Egypt,-4000-01-01T00:00:00Z,-0029-01-01T00:00:00Z,true
http://www.wikidata.org/entity/Q207858,Yayoi period,-0299-01-01T00:00:00Z,0250-01-01T00:00:00Z,9,archaeological period,60,Japan,1947-05-03T00:00:00Z,,false
http://www.wikidata.org/entity/Q207858,Yayoi period,-0299-01-01T00:00:00Z,0250-01-01T00:00:00Z,9,archaeological culture,60,Japan,1947-05-03T00:00:00Z,,false
http://www.wikidata.org/entity/Q208188,Moche culture,0001-01-01T00:00:00Z,0700-01-01T00:00:00Z,9,style,53,Peru,1821-07-28T00:00:00Z,,false
http://www.wikidata.org/entity/Q208188,Moche culture,0001-01-01T00:00:00Z,0700-01-01T00:00:00Z,9,archaeological culture,53,Peru,1821-07-28T00:00:00Z,,false
http://www.wikidata.org/entity/Q208188,Moche culture,0001-01-01T00:00:00Z,0700-01-01T00:00:00Z,9,culture,53,Peru,1821-07-28T00:00:00Z,,false
http://www.wikidata.org/entity/Q208188,Moche culture,0001-01-01T00:00:00Z,0700-01-01T00:00:00Z,9,civilization,53,Peru,1821-07-28T00:00:00Z,,false
http://www.wikidata.org/entity/Q232211,First Intermediate Period of Egypt,-2180-01-01T00:00:00Z,-2054-01-01T00:00:00Z,9,historical period,54,Ancient Egypt,-4000-01-01T00:00:00Z,-0029-01-01T00:00:00Z,true
http://www.wikidata.org/entity/Q233553,Second Sacred War,-0448-01-01T00:00:00Z,-0447-01-01T00:00:00Z,9,war,18,Greece,1821-04-06T00:00:00Z,,false
http://www.wikidata.org/entity/Q269237,Fifth Dynasty of Egypt,-2497-01-01T00:00:00Z,-2344-01-01T00:00:00Z,9,Egyptian dynasty,53,Ancient Egypt,-4000-01-01T00:00:00Z,-0029-01-01T00:00:00Z,true
http://www.wikidata.org/entity/Q269237,Fifth Dynasty of Egypt,-2497-01-01T00:00:00Z,-2344-01-01T00:00:00Z,9,historical period,53,Ancient Egypt,-4000-01-01T00:00:00Z,-0029-01-01T00:00:00Z,true
http://www.wikidata.org/entity/Q318394,art of ancient Egypt,-3199-01-01T00:00:00Z,-0331-01-01T00:00:00Z,9,art of an area,49,Ancient Egypt,-4000-01-01T00:00:00Z,-0029-01-01T00:00:00Z,true
http://www.wikidata.org/entity/Q335330,Battle of Philippi,-0041-10-01T00:00:00Z,-0041-10-21T00:00:00Z,11,battle,39,Greece,1821-04-06T00:00:00Z,,false
http://www.wikidata.org/entity/Q429981,Tenth Dynasty of Egypt,-2049-01-01T00:00:00Z,-1999-01-01T00:00:00Z,9,Egyptian dynasty,43,Ancient Egypt,-4000-01-01T00:00:00Z,-0029-01-01T00:00:00Z,true
http://www.wikidata.org/entity/Q486831,Roman–Seleucid War,-0191-01-01T00:00:00Z,-0187-01-01T00:00:00Z,9,war,36,Greece,1821-04-06T00:00:00Z,,false
http://www.wikidata.org/entity/Q521868,Sulla's Civil War,-0082-01-01T00:00:00Z,-0080-01-01T00:00:00Z,9,civil war,18,Italy,0476-01-01T00:00:00Z,,false
http://www.wikidata.org/entity/Q521868,Sulla's Civil War,-0082-01-01T00:00:00Z,-0080-01-01T00:00:00Z,9,civil war,18,Italy,1861-03-17T00:00:00Z,,false
http://www.wikidata.org/entity/Q521868,Sulla's Civil War,-0082-01-01T00:00:00Z,-0080-01-01T00:00:00Z,9,civil war,18,Italy,1946-06-18T00:00:00Z,,false
http://www.wikidata.org/entity/Q533090,Siege of Syracuse,-0213-01-01T00:00:00Z,-0211-01-01T00:00:00Z,9,siege,23,Italy,0476-01-01T00:00:00Z,,false
http://www.wikidata.org/entity/Q533090,Siege of Syracuse,-0213-01-01T00:00:00Z,-0211-01-01T00:00:00Z,9,siege,23,Italy,1861-03-17T00:00:00Z,,false
http://www.wikidata.org/entity/Q533090,Siege of Syracuse,-0213-01-01T00:00:00Z,-0211-01-01T00:00:00Z,9,siege,23,Italy,1946-06-18T00:00:00Z,,false
http://www.wikidata.org/entity/Q603749,Dorset culture,-0499-01-01T00:00:00Z,1500-01-01T00:00:00Z,9,archaeological culture,30,Canada,1867-07-01T00:00:00Z,,false
http://www.wikidata.org/entity/Q618066,First Servile War,-0134-01-01T00:00:00Z,-0131-01-01T00:00:00Z,9,slave rebellion,31,Italy,0476-01-01T00:00:00Z,,false
http://www.wikidata.org/entity/Q618066,First Servile War,-0134-01-01T00:00:00Z,-0131-01-01T00:00:00Z,9,slave rebellion,31,Italy,1861-03-17T00:00:00Z,,false
http://www.wikidata.org/entity/Q618066,First Servile War,-0134-01-01T00:00:00Z,-0131-01-01T00:00:00Z,9,slave rebellion,31,Italy,1946-06-18T00:00:00Z,,false
http://www.wikidata.org/entity/Q618066,First Servile War,-0134-01-01T00:00:00Z,-0131-01-01T00:00:00Z,9,war,31,Italy,0476-01-01T00:00:00Z,,false
http://www.wikidata.org/entity/Q618066,First Servile War,-0134-01-01T00:00:00Z,-0131-01-01T00:00:00Z,9,war,31,Italy,1861-03-17T00:00:00Z,,false
http://www.wikidata.org/entity/Q618066,First Servile War,-0134-01-01T00:00:00Z,-0131-01-01T00:00:00Z,9,war,31,Italy,1946-06-18T00:00:00Z,,false
http://www.wikidata.org/entity/Q621917,Late Period of ancient Egypt,-0663-01-01T00:00:00Z,-0331-01-01T00:00:00Z,9,periodization,52,Ancient Egypt,-4000-01-01T00:00:00Z,-0029-01-01T00:00:00Z,true
http://www.wikidata.org/entity/Q649128,Pythian Games,-0589-01-01T00:00:00Z,0400-01-01T00:00:00Z,9,recurring sporting event,39,Greece,1821-04-06T00:00:00Z,,false
http://www.wikidata.org/entity/Q649128,Pythian Games,-0589-01-01T00:00:00Z,0400-01-01T00:00:00Z,9,religious holiday,39,Greece,1821-04-06T00:00:00Z,,false
http://www.wikidata.org/entity/Q650945,Fourteenth Dynasty of Egypt,-1785-01-01T00:00:00Z,-1599-01-01T00:00:00Z,9,Egyptian dynasty,39,Ancient Egypt,-4000-01-01T00:00:00Z,-0029-01-01T00:00:00Z,true
http://www.wikidata.org/entity/Q677316,Social War of 91-87 BCE,-0090-01-01T00:00:00Z,-0087-01-01T00:00:00Z,9,war,41,Italy,0476-01-01T00:00:00Z,,false
http://www.wikidata.org/entity/Q677316,Social War of 91-87 BCE,-0090-01-01T00:00:00Z,-0087-01-01T00:00:00Z,9,war,41,Italy,1861-03-17T00:00:00Z,,false
http://www.wikidata.org/entity/Q677316,Social War of 91-87 BCE,-0090-01-01T00:00:00Z,-0087-01-01T00:00:00Z,9,war,41,Italy,1946-06-18T00:00:00Z,,false
http://www.wikidata.org/entity/Q687230,Baden culture,-3499-01-01T00:00:00Z,-2799-01-01T00:00:00Z,9,archaeological culture,28,Hungary,1000-01-01T00:00:00Z,,false
http://www.wikidata.org/entity/Q719639,Twelfth Dynasty of Egypt,-1990-01-01T00:00:00Z,-1801-01-01T00:00:00Z,9,Egyptian dynasty,46,Ancient Egypt,-4000-01-01T00:00:00Z,-0029-01-01T00:00:00Z,true
http://www.wikidata.org/entity/Q728449,Ninth Dynasty of Egypt,-2159-01-01T00:00:00Z,-2049-01-01T00:00:00Z,9,Egyptian dynasty,42,Ancient Egypt,-4000-01-01T00:00:00Z,-0029-01-01T00:00:00Z,true
http://www.wikidata.org/entity/Q737695,Sixteenth Dynasty of Egypt,-1649-01-01T00:00:00Z,-1579-01-01T00:00:00Z,9,Egyptian dynasty,40,Ancient Egypt,-4000-01-01T00:00:00Z,-0029-01-01T00:00:00Z,true
http://www.wikidata.org/entity/Q754749,Twenty-fourth Dynasty of Egypt,-0726-01-01T00:00:00Z,-0714-01-01T00:00:00Z,9,Egyptian dynasty,40,Ancient Egypt,-4000-01-01T00:00:00Z,-0029-01-01T00:00:00Z,true
http://www.wikidata.org/entity/Q758173,Plague of Athens,-0429-01-01T00:00:00Z,-0425-01-01T00:00:00Z,9,epidemic,31,Greece,1821-04-06T00:00:00Z,,false
http://www.wikidata.org/entity/Q797481,Temple of Bel,0017-01-01T00:00:00Z,2015-08-01T00:00:00Z,9,archaeological site,33,Syria,1920-03-08T00:00:00Z,,false
http://www.wikidata.org/entity/Q797481,Temple of Bel,0017-01-01T00:00:00Z,2015-08-01T00:00:00Z,9,ruins,33,Syria,1920-03-08T00:00:00Z,,false
http://www.wikidata.org/entity/Q797481,Temple of Bel,0017-01-01T00:00:00Z,2015-08-01T00:00:00Z,9,temple,33,Syria,1920-03-08T00:00:00Z,,false
http://www.wikidata.org/entity/Q815160,Siege of Carthage,-0148-01-01T00:00:00Z,-0145-01-01T00:00:00Z,9,destruction,27,Tunisia,1956-03-20T00:00:00Z,,false
http://www.wikidata.org/entity/Q815160,Siege of Carthage,-0148-01-01T00:00:00Z,-0145-01-01T00:00:00Z,9,looting,27,Tunisia,1956-03-20T00:00:00Z,,false
http://www.wikidata.org/entity/Q815160,Siege of Carthage,-0148-01-01T00:00:00Z,-0145-01-01T00:00:00Z,9,siege,27,Tunisia,1956-03-20T00:00:00Z,,false
http://www.wikidata.org/entity/Q815160,Siege of Carthage,-0148-01-01T00:00:00Z,-0145-01-01T00:00:00Z,9,battle,27,Tunisia,1956-03-20T00:00:00Z,,false
http://www.wikidata.org/entity/Q815210,Siege of Saguntum,-0218-05-01T00:00:00Z,-0218-12-01T00:00:00Z,10,siege,27,Spain,1516-03-24T00:00:00Z,,false
http://www.wikidata.org/entity/Q815210,Siege of Saguntum,-0218-05-01T00:00:00Z,-0218-12-01T00:00:00Z,10,siege,27,Spain,1715-01-01T00:00:00Z,,false
http://www.wikidata.org/entity/Q815210,Siege of Saguntum,-0218-05-01T00:00:00Z,-0218-12-01T00:00:00Z,10,siege,27,Spain,1812-03-19T00:00:00Z,,false
http://www.wikidata.org/entity/Q815210,Siege of Saguntum,-0218-05-01T00:00:00Z,-0218-12-01T00:00:00Z,10,siege,27,Spain,1931-12-09T00:00:00Z,,false
http://www.wikidata.org/entity/Q815210,Siege of Saguntum,-0218-05-01T00:00:00Z,-0218-12-01T00:00:00Z,10,siege,27,Spain,1978-12-29T00:00:00Z,,false
http://www.wikidata.org/entity/Q815233,Siege of Tyre,-0331-01-01T00:00:00Z,-0331-07-01T00:00:00Z,10,siege,34,Lebanon,1943-11-22T00:00:00Z,,false
http://www.wikidata.org/entity/Q815233,Siege of Tyre,-0331-01-01T00:00:00Z,-0331-07-01T00:00:00Z,10,battle,34,Lebanon,1943-11-22T00:00:00Z,,false
http://www.wikidata.org/entity/Q833118,Twenty-eighth Dynasty of Egypt,-0403-01-01T00:00:00Z,-0398-01-01T00:00:00Z,9,Egyptian dynasty,34,Ancient Egypt,-4000-01-01T00:00:00Z,-0029-01-01T00:00:00Z,true
http://www.wikidata.org/entity/Q844289,Sicilian Expedition,-0414-01-01T00:00:00Z,-0412-01-01T00:00:00Z,9,military expedition,35,Italy,0476-01-01T00:00:00Z,,false
http://www.wikidata.org/entity/Q844289,Sicilian Expedition,-0414-01-01T00:00:00Z,-0412-01-01T00:00:00Z,9,military expedition,35,Italy,1861-03-17T00:00:00Z,,false
http://www.wikidata.org/entity/Q844289,Sicilian Expedition,-0414-01-01T00:00:00Z,-0412-01-01T00:00:00Z,9,military expedition,35,Italy,1946-06-18T00:00:00Z,,false
http://www.wikidata.org/entity/Q937774,Helladic period,-2999-01-01T00:00:00Z,-1099-01-01T00:00:00Z,9,aspect of history,35,Greece,1821-04-06T00:00:00Z,,false
http://www.wikidata.org/entity/Q937774,Helladic period,-2999-01-01T00:00:00Z,-1099-01-01T00:00:00Z,9,historical period,35,Greece,1821-04-06T00:00:00Z,,false
http://www.wikidata.org/entity/Q937774,Helladic period,-2999-01-01T00:00:00Z,-1099-01-01T00:00:00Z,9,archaeological culture,35,Greece,1821-04-06T00:00:00Z,,false
http://www.wikidata.org/entity/Q966893,Cretan hieroglyphs,-1999-01-01T00:00:00Z,-1599-01-01T00:00:00Z,9,Aegean scripts,26,Greece,1821-04-06T00:00:00Z,,false
http://www.wikidata.org/entity/Q966893,Cretan hieroglyphs,-1999-01-01T00:00:00Z,-1599-01-01T00:00:00Z,9,undeciphered writing system,26,Greece,1821-04-06T00:00:00Z,,false
http://www.wikidata.org/entity/Q996912,Dong Son culture,-0999-01-01T00:00:00Z,0001-01-01T00:00:00Z,9,archaeological culture,26,Vietnam,1804-01-01T00:00:00Z,,false
http://www.wikidata.org/entity/Q996912,Dong Son culture,-0999-01-01T00:00:00Z,0001-01-01T00:00:00Z,9,archaeological culture,26,Vietnam,1945-09-02T00:00:00Z,,false
http://www.wikidata.org/entity/Q996912,Dong Son culture,-0999-01-01T00:00:00Z,0001-01-01T00:00:00Z,9,archaeological culture,26,Vietnam,1976-07-02T00:00:00Z,,false
http://www.wikidata.org/entity/Q1054850,Bactria–Margiana Archaeological Complex,-2199-01-01T00:00:00Z,-1699-01-01T00:00:00Z,9,civilization,40,Uzbekistan,1991-01-01T00:00:00Z,,false
http://www.wikidata.org/entity/Q1122337,Second Persian invasion of Greece,-0479-01-01T00:00:00Z,-0478-01-01T00:00:00Z,9,war,25,Greece,1821-04-06T00:00:00Z,,false
http://www.wikidata.org/entity/Q1132393,Mercenary War,-0239-01-01T00:00:00Z,-0237-01-01T00:00:00Z,9,rebellion,37,Tunisia,1956-03-20T00:00:00Z,,false
http://www.wikidata.org/entity/Q1196237,Proto-Elamite period,-3099-01-01T00:00:00Z,-2699-01-01T00:00:00Z,9,archaeological period,22,Iran,1979-04-01T00:00:00Z,,false
http://www.wikidata.org/entity/Q1196237,Proto-Elamite period,-3099-01-01T00:00:00Z,-2699-01-01T00:00:00Z,9,historical period,22,Iran,1979-04-01T00:00:00Z,,false
http://www.wikidata.org/entity/Q1235331,Greek-Punic Wars,-0579-01-01T00:00:00Z,-0264-01-01T00:00:00Z,9,series of wars,24,Italy,0476-01-01T00:00:00Z,,false
http://www.wikidata.org/entity/Q1235331,Greek-Punic Wars,-0579-01-01T00:00:00Z,-0264-01-01T00:00:00Z,9,series of wars,24,Italy,1861-03-17T00:00:00Z,,false
http://www.wikidata.org/entity/Q1235331,Greek-Punic Wars,-0579-01-01T00:00:00Z,-0264-01-01T00:00:00Z,9,series of wars,24,Italy,1946-06-18T00:00:00Z,,false
http://www.wikidata.org/entity/Q1249250,First Sacred War,-0594-01-01T00:00:00Z,-0584-01-01T00:00:00Z,9,war,18,Greece,1821-04-06T00:00:00Z,,false
http://www.wikidata.org/entity/Q1400616,Eighth Dynasty of Egypt,-2170-01-01T00:00:00Z,-2159-01-01T00:00:00Z,9,Egyptian dynasty,35,Ancient Egypt,-4000-01-01T00:00:00Z,-0029-01-01T00:00:00Z,true
http://www.wikidata.org/entity/Q1421436,Nuragic civilization,-1599-01-01T00:00:00Z,-0399-01-01T00:00:00Z,9,archaeological culture,33,Italy,0476-01-01T00:00:00Z,,false
http://www.wikidata.org/entity/Q1421436,Nuragic civilization,-1599-01-01T00:00:00Z,-0399-01-01T00:00:00Z,9,archaeological culture,33,Italy,1861-03-17T00:00:00Z,,false
http://www.wikidata.org/entity/Q1421436,Nuragic civilization,-1599-01-01T00:00:00Z,-0399-01-01T00:00:00Z,9,archaeological culture,33,Italy,1946-06-18T00:00:00Z,,false
http://www.wikidata.org/entity/Q1474893,Cleomenean War,-0228-01-01T00:00:00Z,-0221-01-01T00:00:00Z,9,war,23,Greece,1821-04-06T00:00:00Z,,false
http://www.wikidata.org/entity/Q1503611,Numantine War,-0142-01-01T00:00:00Z,-0132-01-01T00:00:00Z,9,war,22,Spain,1516-03-24T00:00:00Z,,false
http://www.wikidata.org/entity/Q1503611,Numantine War,-0142-01-01T00:00:00Z,-0132-01-01T00:00:00Z,9,war,22,Spain,1715-01-01T00:00:00Z,,false
http://www.wikidata.org/entity/Q1503611,Numantine War,-0142-01-01T00:00:00Z,-0132-01-01T00:00:00Z,9,war,22,Spain,1812-03-19T00:00:00Z,,false
http://www.wikidata.org/entity/Q1503611,Numantine War,-0142-01-01T00:00:00Z,-0132-01-01T00:00:00Z,9,war,22,Spain,1931-12-09T00:00:00Z,,false
http://www.wikidata.org/entity/Q1503611,Numantine War,-0142-01-01T00:00:00Z,-0132-01-01T00:00:00Z,9,war,22,Spain,1978-12-29T00:00:00Z,,false
http://www.wikidata.org/entity/Q1755426,Valdivia culture,-3499-01-01T00:00:00Z,-1799-01-01T00:00:00Z,9,archaeological culture,19,Ecuador,1840-02-16T00:00:00Z,,false
http://www.wikidata.org/entity/Q2422375,Roman conquest of Hispania,-0217-01-01T00:00:00Z,-0018-01-01T00:00:00Z,9,conquest,23,Spain,1516-03-24T00:00:00Z,,false
http://www.wikidata.org/entity/Q2422375,Roman conquest of Hispania,-0217-01-01T00:00:00Z,-0018-01-01T00:00:00Z,9,conquest,23,Spain,1715-01-01T00:00:00Z,,false
http://www.wikidata.org/entity/Q2422375,Roman conquest of Hispania,-0217-01-01T00:00:00Z,-0018-01-01T00:00:00Z,9,conquest,23,Spain,1812-03-19T00:00:00Z,,false
http://www.wikidata.org/entity/Q2422375,Roman conquest of Hispania,-0217-01-01T00:00:00Z,-0018-01-01T00:00:00Z,9,conquest,23,Spain,1931-12-09T00:00:00Z,,false
http://www.wikidata.org/entity/Q2422375,Roman conquest of Hispania,-0217-01-01T00:00:00Z,-0018-01-01T00:00:00Z,9,conquest,23,Spain,1978-12-29T00:00:00Z,,false
http://www.wikidata.org/entity/Q2730371,Bellum Siculum,-0041-01-01T00:00:00Z,-0035-01-01T00:00:00Z,9,civil war,18,Italy,0476-01-01T00:00:00Z,,false
http://www.wikidata.org/entity/Q2730371,Bellum Siculum,-0041-01-01T00:00:00Z,-0035-01-01T00:00:00Z,9,civil war,18,Italy,1861-03-17T00:00:00Z,,false
http://www.wikidata.org/entity/Q2730371,Bellum Siculum,-0041-01-01T00:00:00Z,-0035-01-01T00:00:00Z,9,civil war,18,Italy,1946-06-18T00:00:00Z,,false
http://www.wikidata.org/entity/Q2986801,Qin's Wars of Unification,-0229-01-01T00:00:00Z,-0220-01-01T00:00:00Z,9,war,20,Japan,1947-05-03T00:00:00Z,,false
http://www.wikidata.org/entity/Q4115189,Wikidata Sandbox,-1199-01-01T00:00:00Z,2050-05-05T00:00:00Z,11,Wikidata internal entity,23,United States,1784-05-12T00:00:00Z,,false
http://www.wikidata.org/entity/Q4115189,Wikidata Sandbox,-1199-01-01T00:00:00Z,2050-05-05T00:00:00Z,11,Wikidata internal entity,23,India,1947-08-15T00:00:00Z,,false
http://www.wikidata.org/entity/Q4115189,Wikidata Sandbox,-1200-12-21T00:00:00Z,2050-05-05T00:00:00Z,11,Wikidata internal entity,23,United States,1784-05-12T00:00:00Z,,false
http://www.wikidata.org/entity/Q4115189,Wikidata Sandbox,-1200-12-21T00:00:00Z,2050-05-05T00:00:00Z,11,Wikidata internal entity,23,India,1947-08-15T00:00:00Z,,false
http://www.wikidata.org/entity/Q4115189,Wikidata Sandbox,-1199-01-01T00:00:00Z,2022-02-22T00:00:00Z,11,Wikidata internal entity,23,United States,1784-05-12T00:00:00Z,,false
http://www.wikidata.org/entity/Q4115189,Wikidata Sandbox,-1199-01-01T00:00:00Z,2022-02-22T00:00:00Z,11,Wikidata internal entity,23,India,1947-08-15T00:00:00Z,,false
http://www.wikidata.org/entity/Q4115189,Wikidata Sandbox,-1200-12-21T00:00:00Z,2022-02-22T00:00:00Z,11,Wikidata internal entity,23,United States,1784-05-12T00:00:00Z,,false
http://www.wikidata.org/entity/Q4115189,Wikidata Sandbox,-1200-12-21T00:00:00Z,2022-02-22T00:00:00Z,11,Wikidata internal entity,23,India,1947-08-15T00:00:00Z,,false
http://www.wikidata.org/entity/Q4115189,Wikidata Sandbox,-1199-01-01T00:00:00Z,2050-05-05T00:00:00Z,11,human whose existence is disputed,23,United States,1784-05-12T00:00:00Z,,false
http://www.wikidata.org/entity/Q4115189,Wikidata Sandbox,-1199-01-01T00:00:00Z,2050-05-05T00:00:00Z,11,human whose existence is disputed,23,India,1947-08-15T00:00:00Z,,false
http://www.wikidata.org/entity/Q4115189,Wikidata Sandbox,-1200-12-21T00:00:00Z,2050-05-05T00:00:00Z,11,human whose existence is disputed,23,United States,1784-05-12T00:00:00Z,,false
http://www.wikidata.org/entity/Q4115189,Wikidata Sandbox,-1200-12-21T00:00:00Z,2050-05-05T00:00:00Z,11,human whose existence is disputed,23,India,1947-08-15T00:00:00Z,,false
http://www.wikidata.org/entity/Q4115189,Wikidata Sandbox,-1199-01-01T00:00:00Z,2022-02-22T00:00:00Z,11,human whose existence is disputed,23,United States,1784-05-12T00:00:00Z,,false
http://www.wikidata.org/entity/Q4115189,Wikidata Sandbox,-1199-01-01T00:00:00Z,2022-02-22T00:00:00Z,11,human whose existence is disputed,23,India,1947-08-15T00:00:00Z,,false
http://www.wikidata.org/entity/Q4115189,Wikidata Sandbox,-1200-12-21T00:00:00Z,2022-02-22T00:00:00Z,11,human whose existence is disputed,23,United States,1784-05-12T00:00:00Z,,false
http://www.wikidata.org/entity/Q4115189,Wikidata Sandbox,-1200-12-21T00:00:00Z,2022-02-22T00:00:00Z,11,human whose existence is disputed,23,India,1947-08-15T00:00:00Z,,false
http://www.wikidata.org/entity/Q4115189,Wikidata Sandbox,-1199-01-01T00:00:00Z,2050-05-05T00:00:00Z,11,test,23,United States,1784-05-12T00:00:00Z,,false
http://www.wikidata.org/entity/Q4115189,Wikidata Sandbox,-1199-01-01T00:00:00Z,2050-05-05T00:00:00Z,11,test,23,India,1947-08-15T00:00:00Z,,false
http://www.wikidata.org/entity/Q4115189,Wikidata Sandbox,-1200-12-21T00:00:00Z,2050-05-05T00:00:00Z,11,test,23,United States,1784-05-12T00:00:00Z,,false
http://www.wikidata.org/entity/Q4115189,Wikidata Sandbox,-1200-12-21T00:00:00Z,2050-05-05T00:00:00Z,11,test,23,India,1947-08-15T00:00:00Z,,false
http://www.wikidata.org/entity/Q4115189,Wikidata Sandbox,-1199-01-01T00:00:00Z,2022-02-22T00:00:00Z,11,test,23,United States,1784-05-12T00:00:00Z,,false
http://www.wikidata.org/entity/Q4115189,Wikidata Sandbox,-1199-01-01T00:00:00Z,2022-02-22T00:00:00Z,11,test,23,India,1947-08-15T00:00:00Z,,false
http://www.wikidata.org/entity/Q4115189,Wikidata Sandbox,-1200-12-21T00:00:00Z,2022-02-22T00:00:00Z,11,test,23,United States,1784-05-12T00:00:00Z,,false
http://www.wikidata.org/entity/Q4115189,Wikidata Sandbox,-1200-12-21T00:00:00Z,2022-02-22T00:00:00Z,11,test,23,India,1947-08-15T00:00:00Z,,false
http://www.wikidata.org/entity/Q4115189,Wikidata Sandbox,-1199-01-01T00:00:00Z,2050-05-05T00:00:00Z,11,unidentified flying object,23,United States,1784-05-12T00:00:00Z,,false
http://www.wikidata.org/entity/Q4115189,Wikidata Sandbox,-1199-01-01T00:00:00Z,2050-05-05T00:00:00Z,11,unidentified flying object,23,India,1947-08-15T00:00:00Z,,false
http://www.wikidata.org/entity/Q4115189,Wikidata Sandbox,-1200-12-21T00:00:00Z,2050-05-05T00:00:00Z,11,unidentified flying object,23,United States,1784-05-12T00:00:00Z,,false
http://www.wikidata.org/entity/Q4115189,Wikidata Sandbox,-1200-12-21T00:00:00Z,2050-05-05T00:00:00Z,11,unidentified flying object,23,India,1947-08-15T00:00:00Z,,false
http://www.wikidata.org/entity/Q4115189,Wikidata Sandbox,-1199-01-01T00:00:00Z,2022-02-22T00:00:00Z,11,unidentified flying object,23,United States,1784-05-12T00:00:00Z,,false
http://www.wikidata.org/entity/Q4115189,Wikidata Sandbox,-1199-01-01T00:00:00Z,2022-02-22T00:00:00Z,11,unidentified flying object,23,India,1947-08-15T00:00:00Z,,false
http://www.wikidata.org/entity/Q4115189,Wikidata Sandbox,-1200-12-21T00:00:00Z,2022-02-22T00:00:00Z,11,unidentified flying object,23,United States,1784-05-12T00:00:00Z,,false
http://www.wikidata.org/entity/Q4115189,Wikidata Sandbox,-1200-12-21T00:00:00Z,2022-02-22T00:00:00Z,11,unidentified flying object,23,India,1947-08-15T00:00:00Z,,false
http://www.wikidata.org/entity/Q5555632,First Messenian War,-0742-01-01T00:00:00Z,-0723-01-01T00:00:00Z,9,war,24,Sparta,-0900-01-01T00:00:00Z,-0191-01-01T00:00:00Z,false
http://www.wikidata.org/entity/Q6271,Second Punic War,-0217-01-01T00:00:00Z,-0200-01-01T00:00:00Z,9,war,76,Spain,1516-03-24T00:00:00Z,,false
http://www.wikidata.org/entity/Q6271,Second Punic War,-0217-01-01T00:00:00Z,-0200-01-01T00:00:00Z,9,war,76,Spain,1715-01-01T00:00:00Z,,false
http://www.wikidata.org/entity/Q6271,Second Punic War,-0217-01-01T00:00:00Z,-0200-01-01T00:00:00Z,9,war,76,Spain,1812-03-19T00:00:00Z,,false
http://www.wikidata.org/entity/Q6271,Second Punic War,-0217-01-01T00:00:00Z,-0200-01-01T00:00:00Z,9,war,76,Spain,1931-12-09T00:00:00Z,,false
http://www.wikidata.org/entity/Q6271,Second Punic War,-0217-01-01T00:00:00Z,-0200-01-01T00:00:00Z,9,war,76,Spain,1978-12-29T00:00:00Z,,false
http://www.wikidata.org/entity/Q6334,Third Punic War,-0148-01-01T00:00:00Z,-0145-01-01T00:00:00Z,9,war,62,Tunisia,1956-03-20T00:00:00Z,,false
http://www.wikidata.org/entity/Q13703,Mesoamerica,-2499-01-01T00:00:00Z,1521-01-01T00:00:00Z,9,cultural superarea,90,Guatemala,1821-01-01T00:00:00Z,,false
http://www.wikidata.org/entity/Q13703,Mesoamerica,-2499-01-01T00:00:00Z,1521-01-01T00:00:00Z,9,cultural region,90,Guatemala,1821-01-01T00:00:00Z,,false
http://www.wikidata.org/entity/Q13703,Mesoamerica,-2499-01-01T00:00:00Z,1521-01-01T00:00:00Z,9,historical region,90,Guatemala,1821-01-01T00:00:00Z,,false
http://www.wikidata.org/entity/Q13703,Mesoamerica,-2499-01-01T00:00:00Z,1521-01-01T00:00:00Z,9,concept,90,Guatemala,1821-01-01T00:00:00Z,,false
http://www.wikidata.org/entity/Q13703,Mesoamerica,-2499-01-01T00:00:00Z,1521-01-01T00:00:00Z,9,region,90,Guatemala,1821-01-01T00:00:00Z,,false
http://www.wikidata.org/entity/Q28365,Lamian War,-0322-01-01T00:00:00Z,-0321-01-01T00:00:00Z,9,war,35,Greece,1821-04-06T00:00:00Z,,false
http://www.wikidata.org/entity/Q33745,Peloponnesian War,-0430-01-01T00:00:00Z,-0403-04-20T00:00:00Z,9,war,82,Italy,0476-01-01T00:00:00Z,,false
http://www.wikidata.org/entity/Q33745,Peloponnesian War,-0430-01-01T00:00:00Z,-0403-04-20T00:00:00Z,9,war,82,Italy,1861-03-17T00:00:00Z,,false
http://www.wikidata.org/entity/Q33745,Peloponnesian War,-0430-01-01T00:00:00Z,-0403-04-20T00:00:00Z,9,war,82,Italy,1946-06-18T00:00:00Z,,false
http://www.wikidata.org/entity/Q37110,pharaoh,-3149-01-01T00:00:00Z,-0029-01-01T00:00:00Z,9,historical position,133,Ancient Egypt,-4000-01-01T00:00:00Z,-0029-01-01T00:00:00Z,true
http://www.wikidata.org/entity/Q37110,pharaoh,-3149-01-01T00:00:00Z,-0029-01-01T00:00:00Z,9,noble title,133,Ancient Egypt,-4000-01-01T00:00:00Z,-0029-01-01T00:00:00Z,true
http://www.wikidata.org/entity/Q42534,Indus Valley Civilization,-2999-01-01T00:00:00Z,-1799-01-01T00:00:00Z,9,ancient civilization,119,Pakistan,1947-08-14T00:00:00Z,,false
http://www.wikidata.org/entity/Q42534,Indus Valley Civilization,-2999-01-01T00:00:00Z,-1799-01-01T00:00:00Z,9,archaeological culture,119,Pakistan,1947-08-14T00:00:00Z,,false
http://www.wikidata.org/entity/Q75207,Pax Romana,-0026-01-01T00:00:00Z,0180-01-01T00:00:00Z,9,historical period,63,Ancient Rome,-0752-01-01T00:00:00Z,0476-01-01T00:00:00Z,true
http://www.wikidata.org/entity/Q75207,Pax Romana,-0026-01-01T00:00:00Z,0180-01-01T00:00:00Z,9,phrase,63,Ancient Rome,-0752-01-01T00:00:00Z,0476-01-01T00:00:00Z,true
http://www.wikidata.org/entity/Q175447,Babylonian captivity,-0596-03-10T00:00:00Z,-0537-01-01T00:00:00Z,11,biblical concept,60,Babylonia,-1900-01-01T00:00:00Z,-0538-01-01T00:00:00Z,true
http://www.wikidata.org/entity/Q175447,Babylonian captivity,-0596-03-10T00:00:00Z,-0537-01-01T00:00:00Z,11,historical period,60,Babylonia,-1900-01-01T00:00:00Z,-0538-01-01T00:00:00Z,true
http://www.wikidata.org/entity/Q199728,Cisalpine Gaul,-0202-01-01T00:00:00Z,-0041-01-01T00:00:00Z,9,Roman province,55,Ancient Rome,-0752-01-01T00:00:00Z,0476-01-01T00:00:00Z,true
http://www.wikidata.org/entity/Q200966,Roman calendar,-0752-01-01T00:00:00Z,-0045-12-29T00:00:00Z,9,calendar system,58,Ancient Rome,-0752-01-01T00:00:00Z,0476-01-01T00:00:00Z,true
http://www.wikidata.org/entity/Q202311,Roman Egypt,-0029-01-01T00:00:00Z,0642-01-01T00:00:00Z,9,Roman province,59,Ancient Egypt,-4000-01-01T00:00:00Z,-0029-01-01T00:00:00Z,true
http://www.wikidata.org/entity/Q202311,Roman Egypt,-0029-01-01T00:00:00Z,0642-01-01T00:00:00Z,9,Roman province,59,Byzantine Empire,0395-01-18T00:00:00Z,1453-06-07T00:00:00Z,true
http://www.wikidata.org/entity/Q202311,Roman Egypt,-0029-01-01T00:00:00Z,0642-01-01T00:00:00Z,9,Roman province,59,Ancient Rome,-0752-01-01T00:00:00Z,0476-01-01T00:00:00Z,true
http://www.wikidata.org/entity/Q215231,Great Fire of Rome,0064-07-17T00:00:00Z,0064-07-24T00:00:00Z,11,city fire,58,Ancient Rome,-0752-01-01T00:00:00Z,0476-01-01T00:00:00Z,true
http://www.wikidata.org/entity/Q268218,Emperor of China,-0220-01-01T00:00:00Z,1912-01-01T00:00:00Z,9,historical position,43,Chinese Empire,-0219-01-01T00:00:00Z,1912-01-01T00:00:00Z,true
http://www.wikidata.org/entity/Q389688,Achaemenid Empire,-0549-01-01T00:00:00Z,-0329-01-01T00:00:00Z,9,historical period,111,Medo-Persia,-0600-01-01T00:00:00Z,,true
http://www.wikidata.org/entity/Q389688,Achaemenid Empire,-0549-01-01T00:00:00Z,-0329-01-01T00:00:00Z,9,historical country,111,Medo-Persia,-0600-01-01T00:00:00Z,,true
http://www.wikidata.org/entity/Q455151,Amarna Period,-1345-01-01T00:00:00Z,-1335-01-01T00:00:00Z,9,historical period,27,Eighteenth Dynasty of Egypt,-1549-01-01T00:00:00Z,-1291-01-01T00:00:00Z,false
http://www.wikidata.org/entity/Q511257,Twenty-ninth Dynasty of Egypt,-0397-01-01T00:00:00Z,-0377-01-01T00:00:00Z,9,Egyptian dynasty,38,Ancient Egypt,-4000-01-01T00:00:00Z,-0029-01-01T00:00:00Z,true
http://www.wikidata.org/entity/Q597494,Artaxiad Dynasty,-0188-01-01T00:00:00Z,-0011-01-01T00:00:00Z,9,dynasty,32,Kingdom of Armenia,-0552-01-01T00:00:00Z,0428-01-01T00:00:00Z,false
http://www.wikidata.org/entity/Q621917,Late Period of ancient Egypt,-0663-01-01T00:00:00Z,-0331-01-01T00:00:00Z,9,periodization,52,Persian Empire,-0549-01-01T00:00:00Z,1979-02-11T00:00:00Z,true
http://www.wikidata.org/entity/Q643987,Perusine War,-0040-01-01T00:00:00Z,-0039-01-01T00:00:00Z,9,war,23,Late Roman Republic,,,false
http://www.wikidata.org/entity/Q673808,tribunus militum consulari potestate,-0443-01-01T00:00:00Z,-0366-01-01T00:00:00Z,9,elective office,24,Ancient Rome,-0752-01-01T00:00:00Z,0476-01-01T00:00:00Z,true
http://www.wikidata.org/entity/Q692775,Creta et Cyrenaica,-0066-01-01T00:00:00Z,0297-01-01T00:00:00Z,9,Roman province,37,Ancient Rome,-0752-01-01T00:00:00Z,0476-01-01T00:00:00Z,true
http://www.wikidata.org/entity/Q728428,Second Temple,-0515-01-01T00:00:00Z,0070-08-28T00:00:00Z,9,destroyed building or structure,53,Kingdom of Judah,-0929-01-01T00:00:00Z,-0585-01-01T00:00:00Z,true
http://www.wikidata.org/entity/Q728428,Second Temple,-0515-01-01T00:00:00Z,0070-08-28T00:00:00Z,9,structure of worship,53,Kingdom of Judah,-0929-01-01T00:00:00Z,-0585-01-01T00:00:00Z,true
http://www.wikidata.org/entity/Q741777,War of Mutina,-0043-01-01T00:00:00Z,-0041-01-01T00:00:00Z,9,civil war,18,Ancient Rome,-0752-01-01T00:00:00Z,0476-01-01T00:00:00Z,true
http://www.wikidata.org/entity/Q747480,Conflict of the Orders,-0499-01-01T00:00:00Z,-0286-01-01T00:00:00Z,9,social conflict,19,Roman Republic,-0508-01-01T00:00:00Z,-0026-01-14T00:00:00Z,true
http://www.wikidata.org/entity/Q758173,Plague of Athens,-0429-01-01T00:00:00Z,-0425-01-01T00:00:00Z,9,epidemic,31,Classical Athens,-0507-01-01T00:00:00Z,,false
http://www.wikidata.org/entity/Q759985,Red Eyebrows,0017-01-01T00:00:00Z,0027-01-01T00:00:00Z,9,rebellion,26,Xin dynasty,0009-01-01T00:00:00Z,0023-01-01T00:00:00Z,false
http://www.wikidata.org/entity/Q815160,Siege of Carthage,-0148-01-01T00:00:00Z,-0145-01-01T00:00:00Z,9,destruction,27,Ancient Carthage,-0813-01-01T00:00:00Z,-0145-01-01T00:00:00Z,true
http://www.wikidata.org/entity/Q815160,Siege of Carthage,-0148-01-01T00:00:00Z,-0145-01-01T00:00:00Z,9,looting,27,Ancient Carthage,-0813-01-01T00:00:00Z,-0145-01-01T00:00:00Z,true
http://www.wikidata.org/entity/Q815160,Siege of Carthage,-0148-01-01T00:00:00Z,-0145-01-01T00:00:00Z,9,siege,27,Ancient Carthage,-0813-01-01T00:00:00Z,-0145-01-01T00:00:00Z,true
http://www.wikidata.org/entity/Q815160,Siege of Carthage,-0148-01-01T00:00:00Z,-0145-01-01T00:00:00Z,9,battle,27,Ancient Carthage,-0813-01-01T00:00:00Z,-0145-01-01T00:00:00Z,true
http://www.wikidata.org/entity/Q815233,Siege of Tyre,-0331-01-01T00:00:00Z,-0331-07-01T00:00:00Z,10,siege,34,Kingdom of Tyre,-2749-01-01T00:00:00Z,-0331-07-01T00:00:00Z,true
http://www.wikidata.org/entity/Q815233,Siege of Tyre,-0331-01-01T00:00:00Z,-0331-07-01T00:00:00Z,10,battle,34,Kingdom of Tyre,-2749-01-01T00:00:00Z,-0331-07-01T00:00:00Z,true
http://www.wikidata.org/entity/Q966893,Cretan hieroglyphs,-1999-01-01T00:00:00Z,-1599-01-01T00:00:00Z,9,Aegean scripts,26,Ancient Greece,,,false
http://www.wikidata.org/entity/Q966893,Cretan hieroglyphs,-1999-01-01T00:00:00Z,-1599-01-01T00:00:00Z,9,Aegean scripts,26,Ancient Crete,,,false
http://www.wikidata.org/entity/Q966893,Cretan hieroglyphs,-1999-01-01T00:00:00Z,-1599-01-01T00:00:00Z,9,undeciphered writing system,26,Ancient Greece,,,false
http://www.wikidata.org/entity/Q966893,Cretan hieroglyphs,-1999-01-01T00:00:00Z,-1599-01-01T00:00:00Z,9,undeciphered writing system,26,Ancient Crete,,,false
http://www.wikidata.org/entity/Q978071,Thirty-first Dynasty of Egypt,-0342-01-01T00:00:00Z,-0331-01-01T00:00:00Z,9,Egyptian dynasty,32,Ancient Egypt,-4000-01-01T00:00:00Z,-0029-01-01T00:00:00Z,true
http://www.wikidata.org/entity/Q1276649,Seven Warring States,-0374-01-01T00:00:00Z,-0220-01-01T00:00:00Z,9,heptad,19,Eastern Zhou,-0770-01-01T00:00:00Z,-0255-01-01T00:00:00Z,false
http://www.wikidata.org/entity/Q1276649,Seven Warring States,-0374-01-01T00:00:00Z,-0220-01-01T00:00:00Z,9,group,19,Eastern Zhou,-0770-01-01T00:00:00Z,-0255-01-01T00:00:00Z,false
http://www.wikidata.org/entity/Q1747183,list of Roman civil wars and revolts,-0508-01-01T00:00:00Z,0476-01-01T00:00:00Z,9,Wikimedia list article,31,Ancient Rome,-0752-01-01T00:00:00Z,0476-01-01T00:00:00Z,true
http://www.wikidata.org/entity/Q2497438,Roman Greece,-0145-01-01T00:00:00Z,0330-01-01T00:00:00Z,9,historical period,37,Ancient Rome,-0752-01-01T00:00:00Z,0476-01-01T00:00:00Z,true
http://www.wikidata.org/entity/Q2911414,Second Temple period,-0529-01-01T00:00:00Z,0070-01-01T00:00:00Z,9,historical period,19,Hasmonean Judea,-0139-01-01T00:00:00Z,-0036-01-01T00:00:00Z,true
http://www.wikidata.org/entity/Q3778726,Sertorian War,-0079-01-01T00:00:00Z,-0071-01-01T00:00:00Z,9,civil war,19,Roman Republic,-0508-01-01T00:00:00Z,-0026-01-14T00:00:00Z,true
http://www.wikidata.org/entity/Q5555632,First Messenian War,-0742-01-01T00:00:00Z,-0723-01-01T00:00:00Z,9,war,24,Messenia,,,true
http://www.wikidata.org/entity/Q7930888,Maccabean Revolt,-0166-01-01T00:00:00Z,-0159-01-01T00:00:00Z,9,rebellion,43,Seleucid Empire,-0311-01-01T00:00:00Z,-0062-01-01T00:00:00Z,true
http://www.wikidata.org/entity/Q15631010,Abydos Dynasty,-1649-01-01T00:00:00Z,-1599-01-01T00:00:00Z,9,dynasty,20,Ancient Egypt,-4000-01-01T00:00:00Z,-0029-01-01T00:00:00Z,true
http://www.wikidata.org/entity/Q26752,Phoenician script,-1199-01-01T00:00:00Z,-0149-01-01T00:00:00Z,9,natural writing system,93,Phoenicia,-2499-01-01T00:00:00Z,-0063-01-01T00:00:00Z,true
http://www.wikidata.org/entity/Q26752,Phoenician script,-1199-01-01T00:00:00Z,-0149-01-01T00:00:00Z,9,Semitic abjad,93,Phoenicia,-2499-01-01T00:00:00Z,-0063-01-01T00:00:00Z,true
http://www.wikidata.org/entity/Q26752,Phoenician script,-1199-01-01T00:00:00Z,-0149-01-01T00:00:00Z,9,unicase alphabet,93,Phoenicia,-2499-01-01T00:00:00Z,-0063-01-01T00:00:00Z,true
http://www.wikidata.org/entity/Q26752,Phoenician script,-1199-01-01T00:00:00Z,-0149-01-01T00:00:00Z,9,abjad,93,Phoenicia,-2499-01-01T00:00:00Z,-0063-01-01T00:00:00Z,true
http://www.wikidata.org/entity/Q75626,First Macedonian War,-0213-01-01T00:00:00Z,-0204-01-01T00:00:00Z,9,war,35,,,,
http://www.wikidata.org/entity/Q75813,Macedonian Wars,-0213-01-01T00:00:00Z,-0147-01-01T00:00:00Z,9,series of wars,46,,,,
http://www.wikidata.org/entity/Q76026,Greco-Persian Wars,-0498-01-01T00:00:00Z,-0448-01-01T00:00:00Z,9,series of wars,79,,,,
http://www.wikidata.org/entity/Q76118,Third Macedonian War,-0170-01-01T00:00:00Z,-0167-01-01T00:00:00Z,9,war,32,,,,
http://www.wikidata.org/entity/Q80974,Afanasevo culture,-3499-01-01T00:00:00Z,-2499-01-01T00:00:00Z,9,archaeological culture,36,,,,
http://www.wikidata.org/entity/Q83076,MUL.APIN,-2299-01-01T00:00:00Z,-0686-01-01T00:00:00Z,9,compilation,21,,,,
http://www.wikidata.org/entity/Q83076,MUL.APIN,-2299-01-01T00:00:00Z,-0686-01-01T00:00:00Z,9,Akkadian literature,21,,,,
http://www.wikidata.org/entity/Q83076,MUL.APIN,-2299-01-01T00:00:00Z,-0686-01-01T00:00:00Z,9,calendar system,21,,,,
http://www.wikidata.org/entity/Q83311,Persian Empire,-0549-01-01T00:00:00Z,1979-02-11T00:00:00Z,9,historical country,84,,,,
http://www.wikidata.org/entity/Q109251,Samnite Wars,-0342-01-01T00:00:00Z,-0289-01-01T00:00:00Z,9,series of wars,45,,,,
http://www.wikidata.org/entity/Q124988,Punic Wars,-0263-01-01T00:00:00Z,-0145-01-01T00:00:00Z,9,series of wars,84,,,,
http://www.wikidata.org/entity/Q127455,Ordos culture,-0599-01-01T00:00:00Z,-0199-01-01T00:00:00Z,9,archaeological culture,19,,,,
http://www.wikidata.org/entity/Q129282,Karasuk culture,-1499-01-01T00:00:00Z,-0799-01-01T00:00:00Z,9,archaeological culture,26,,,,
http://www.wikidata.org/entity/Q132659,Egyptian hieroglyphs,-3249-01-01T00:00:00Z,0400-01-01T00:00:00Z,9,natural writing system,93,,,,
http://www.wikidata.org/entity/Q132659,Egyptian hieroglyphs,-3249-01-01T00:00:00Z,0400-01-01T00:00:00Z,9,unicase alphabet,93,,,,
http://www.wikidata.org/entity/Q132659,Egyptian hieroglyphs,-3249-01-01T00:00:00Z,0400-01-01T00:00:00Z,9,logographic writing system,93,,,,
http://www.wikidata.org/entity/Q132659,Egyptian hieroglyphs,-3249-01-01T00:00:00Z,0400-01-01T00:00:00Z,9,writing system,93,,,,
http://www.wikidata.org/entity/Q134178,Minoan civilization,-3299-01-01T00:00:00Z,-1099-01-01T00:00:00Z,9,ancient civilization,84,,,,
http://www.wikidata.org/entity/Q134178,Minoan civilization,-3299-01-01T00:00:00Z,-1099-01-01T00:00:00Z,9,historical period,84,,,,
http://www.wikidata.org/entity/Q134178,Minoan civilization,-3299-01-01T00:00:00Z,-1099-01-01T00:00:00Z,9,civilization,84,,,,
http://www.wikidata.org/entity/Q134178,Minoan civilization,-3299-01-01T00:00:00Z,-1099-01-01T00:00:00Z,9,style,84,,,,
http://www.wikidata.org/entity/Q134178,Minoan civilization,-3299-01-01T00:00:00Z,-1099-01-01T00:00:00Z,9,archaeological culture,84,,,,
http://www.wikidata.org/entity/Q165292,Three Kingdoms of Korea,-0017-01-01T00:00:00Z,0660-01-01T00:00:00Z,9,geopolitical group,76,,,,
http://www.wikidata.org/entity/Q165292,Three Kingdoms of Korea,-0017-01-01T00:00:00Z,0660-01-01T00:00:00Z,9,triad,76,,,,
http://www.wikidata.org/entity/Q165292,Three Kingdoms of Korea,-0017-01-01T00:00:00Z,0660-01-01T00:00:00Z,9,historical period,76,,,,
http://www.wikidata.org/entity/Q177819,Old Kingdom of Egypt,-2706-01-01T00:00:00Z,-2215-01-01T00:00:00Z,9,historical period,72,,,,
http://www.wikidata.org/entity/Q177819,Old Kingdom of Egypt,-2706-01-01T00:00:00Z,-2215-01-01T00:00:00Z,9,era,72,,,,
http://www.wikidata.org/entity/Q177819,Old Kingdom of Egypt,-2706-01-01T00:00:00Z,-2215-01-01T00:00:00Z,9,historical country,72,,,,
http://www.wikidata.org/entity/Q180669,14th century BC,-1399-01-01T00:00:00Z,-1300-01-01T00:00:00Z,9,historical period,74,,,,
http://www.wikidata.org/entity/Q180669,14th century BC,-1399-01-01T00:00:00Z,-1300-01-01T00:00:00Z,9,century,74,,,,
http://www.wikidata.org/entity/Q181264,Mycenaean Greece,-1599-01-01T00:00:00Z,-1099-01-01T00:00:00Z,9,style,77,,,,
http://www.wikidata.org/entity/Q181264,Mycenaean Greece,-1599-01-01T00:00:00Z,-1099-01-01T00:00:00Z,9,archaeological culture,77,,,,
http://www.wikidata.org/entity/Q181264,Mycenaean Greece,-1599-01-01T00:00:00Z,-1099-01-01T00:00:00Z,9,culture,77,,,,
http://www.wikidata.org/entity/Q181264,Mycenaean Greece,-1599-01-01T00:00:00Z,-1099-01-01T00:00:00Z,9,civilization,77,,,,
http://www.wikidata.org/entity/Q183370,16th century BC,-1599-01-01T00:00:00Z,-1500-01-01T00:00:00Z,9,century,71,,,,
http://www.wikidata.org/entity/Q185047,Spring and Autumn period,-0770-01-01T00:00:00Z,-0475-01-01T00:00:00Z,9,historical period,68,,,,
http://www.wikidata.org/entity/Q185063,Warring States period,-0475-01-01T00:00:00Z,-0220-01-01T00:00:00Z,9,historical period,74,,,,
http://www.wikidata.org/entity/Q185083,Brahmi,-0002-01-01T00:00:00Z,0500-01-01T00:00:00Z,9,natural writing system,80,,,,
http://www.wikidata.org/entity/Q185083,Brahmi,-0002-01-01T00:00:00Z,0500-01-01T00:00:00Z,9,script in Unicode,80,,,,
http://www.wikidata.org/entity/Q185083,Brahmi,-0002-01-01T00:00:00Z,0500-01-01T00:00:00Z,9,unicase alphabet,80,,,,
http://www.wikidata.org/entity/Q185083,Brahmi,-0002-01-01T00:00:00Z,0500-01-01T00:00:00Z,9,abugida,80,,,,
http://www.wikidata.org/entity/Q191744,25th century BC,-2499-01-01T00:00:00Z,-2400-01-01T00:00:00Z,9,century,57,,,,
http://www.wikidata.org/entity/Q194378,Third Servile War,-0072-01-01T00:00:00Z,-0070-01-01T00:00:00Z,9,war,54,,,,
http://www.wikidata.org/entity/Q201038,Roman Kingdom,-0752-04-13T00:00:00Z,-0508-01-01T00:00:00Z,11,historical period,79,,,,
http://www.wikidata.org/entity/Q201038,Roman Kingdom,-0752-04-13T00:00:00Z,-0508-01-01T00:00:00Z,11,historical country,79,,,,
http://www.wikidata.org/entity/Q202161,Gallic War,-0057-01-01T00:00:00Z,-0050-01-01T00:00:00Z,9,war,60,,,,
http://www.wikidata.org/entity/Q202165,Hallstatt culture,-1199-01-01T00:00:00Z,-0450-01-01T00:00:00Z,9,archaeological culture,53,,,,
http://www.wikidata.org/entity/Q202578,First Jewish-Roman War,0066-01-01T00:00:00Z,0074-01-01T00:00:00Z,9,rebellion,63,,,,
http://www.wikidata.org/entity/Q208247,La Tène culture,-0449-01-01T00:00:00Z,0015-01-01T00:00:00Z,9,archaeological culture,55,,,,
http://www.wikidata.org/entity/Q208247,La Tène culture,-0449-01-01T00:00:00Z,0015-01-01T00:00:00Z,9,culture,55,,,,
http://www.wikidata.org/entity/Q208261,Ionian Revolt,-0498-01-01T00:00:00Z,-0492-01-01T00:00:00Z,9,war,43,,,,
http://www.wikidata.org/entity/Q212728,Third Intermediate Period of Egypt,-1068-01-01T00:00:00Z,-0663-01-01T00:00:00Z,9,periodization,52,,,,
http://www.wikidata.org/entity/Q223998,Urnfield culture,-1199-01-01T00:00:00Z,-0799-01-01T00:00:00Z,9,archaeological culture,45,,,,
http://www.wikidata.org/entity/Q245273,Aetolian League,-0399-01-01T00:00:00Z,-0187-01-01T00:00:00Z,9,koinon,42,,,,
http://www.wikidata.org/entity/Q253854,Classical Latin,-0074-01-01T00:00:00Z,0300-01-01T00:00:00Z,9,language variety,36,,,,
http://www.wikidata.org/entity/Q253854,Classical Latin,-0074-01-01T00:00:00Z,0300-01-01T00:00:00Z,9,chronolect,36,,,,
http://www.wikidata.org/entity/Q271834,Archaic Greece,-0599-01-01T00:00:00Z,-0500-01-01T00:00:00Z,9,historical period,54,,,,
http://www.wikidata.org/entity/Q271834,Archaic Greece,-0599-01-01T00:00:00Z,-0500-01-01T00:00:00Z,9,era,54,,,,
http://www.wikidata.org/entity/Q271834,Archaic Greece,-0599-01-01T00:00:00Z,-0500-01-01T00:00:00Z,9,art style,54,,,,
http://www.wikidata.org/entity/Q271834,Archaic Greece,-0599-01-01T00:00:00Z,-0500-01-01T00:00:00Z,9,Greek art,54,,,,
http://www.wikidata.org/entity/Q271834,Archaic Greece,-0599-01-01T00:00:00Z,-0500-01-01T00:00:00Z,9,culture,54,,,,
http://www.wikidata.org/entity/Q318144,Cycladic civilization,-3199-01-01T00:00:00Z,-1049-01-01T00:00:00Z,9,archaeological culture,44,,,,
http://www.wikidata.org/entity/Q387020,Social War of 357-355 BCE,-0356-01-01T00:00:00Z,-0354-01-01T00:00:00Z,9,war,21,,,,
http://www.wikidata.org/entity/Q426737,Yamnaya culture,-3299-01-01T00:00:00Z,-2599-01-01T00:00:00Z,9,archaeological culture,47,,,,
http://www.wikidata.org/entity/Q428101,Jemdet Nasr period,-3099-01-01T00:00:00Z,-2899-01-01T00:00:00Z,9,archaeological period,27,,,,
http://www.wikidata.org/entity/Q428101,Jemdet Nasr period,-3099-01-01T00:00:00Z,-2899-01-01T00:00:00Z,9,archaeological culture,27,,,,
http://www.wikidata.org/entity/Q428995,Hellenistic period,-0322-01-01T00:00:00Z,-0029-01-01T00:00:00Z,9,historical period,90,,,,
http://www.wikidata.org/entity/Q428995,Hellenistic period,-0322-01-01T00:00:00Z,-0099-01-01T00:00:00Z,9,historical period,90,,,,
http://www.wikidata.org/entity/Q428995,Hellenistic period,-0322-01-01T00:00:00Z,-0029-01-01T00:00:00Z,9,middle chronology,90,,,,
http://www.wikidata.org/entity/Q428995,Hellenistic period,-0322-01-01T00:00:00Z,-0099-01-01T00:00:00Z,9,middle chronology,90,,,,
http://www.wikidata.org/entity/Q428995,Hellenistic period,-0322-01-01T00:00:00Z,-0029-01-01T00:00:00Z,9,art style,90,,,,
http://www.wikidata.org/entity/Q428995,Hellenistic period,-0322-01-01T00:00:00Z,-0099-01-01T00:00:00Z,9,art style,90,,,,
http://www.wikidata.org/entity/Q428995,Hellenistic period,-0322-01-01T00:00:00Z,-0029-01-01T00:00:00Z,9,culture,90,,,,
http://www.wikidata.org/entity/Q428995,Hellenistic period,-0322-01-01T00:00:00Z,-0099-01-01T00:00:00Z,9,culture,90,,,,
http://www.wikidata.org/entity/Q470596,Year of the Four Emperors,0068-06-01T00:00:00Z,0069-12-01T00:00:00Z,10,civil war,62,,,,
http://www.wikidata.org/entity/Q486761,classical antiquity,-1198-01-01T00:00:00Z,0500-01-01T00:00:00Z,9,historical period,91,,,,
http://www.wikidata.org/entity/Q486761,classical antiquity,-1198-01-01T00:00:00Z,0500-01-01T00:00:00Z,9,style,91,,,,
http://www.wikidata.org/entity/Q500393,Brigantes,-0469-01-01T00:00:00Z,0060-01-01T00:00:00Z,9,historical ethnic group,34,,,,
http://www.wikidata.org/entity/Q500409,Roman–Persian Wars,-0053-01-01T00:00:00Z,0628-01-01T00:00:00Z,9,series of wars,51,,,,
http://www.wikidata.org/entity/Q551888,Wars of Alexander the Great,-0335-01-01T00:00:00Z,-0322-01-01T00:00:00Z,9,wars of individual sovereign,32,,,,
http://www.wikidata.org/entity/Q551888,Wars of Alexander the Great,-0335-01-01T00:00:00Z,-0322-01-01T00:00:00Z,9,series of wars,32,,,,
http://www.wikidata.org/entity/Q552373,Fourth Macedonian War,-0149-01-01T00:00:00Z,-0147-01-01T00:00:00Z,9,war,24,,,,
http://www.wikidata.org/entity/Q576364,Revolt of the Batavi,0069-01-01T00:00:00Z,0070-01-01T00:00:00Z,9,revolt,28,,,,
http://www.wikidata.org/entity/Q596373,Pyrrhic War,-0279-01-01T00:00:00Z,-0274-01-01T00:00:00Z,9,series of wars,36,,,,
http://www.wikidata.org/entity/Q605601,Nordic Bronze Age,-1799-01-01T00:00:00Z,-0529-01-01T00:00:00Z,9,archaeological period,26,,,,
http://www.wikidata.org/entity/Q629602,black-figure pottery,-0699-01-01T00:00:00Z,-0449-01-01T00:00:00Z,9,pottery style,33,,,,
http://www.wikidata.org/entity/Q651008,Corinthian War,-0394-01-01T00:00:00Z,-0386-01-01T00:00:00Z,9,war,43,,,,
http://www.wikidata.org/entity/Q651855,the Ten Thousand,-0400-01-01T00:00:00Z,-0398-01-01T00:00:00Z,9,ancient army,27,,,,
http://www.wikidata.org/entity/Q651855,the Ten Thousand,-0400-01-01T00:00:00Z,-0398-01-01T00:00:00Z,9,military expedition,27,,,,
http://www.wikidata.org/entity/Q714557,Kalinga War,-0261-01-01T00:00:00Z,-0260-01-01T00:00:00Z,9,war,28,,,,
http://www.wikidata.org/entity/Q721840,Naqada III,-3199-01-01T00:00:00Z,-3059-01-01T00:00:00Z,9,periodization,39,,,,
http://www.wikidata.org/entity/Q721840,Naqada III,-3199-01-01T00:00:00Z,-3059-01-01T00:00:00Z,9,archaeological culture,39,,,,
http://www.wikidata.org/entity/Q723608,Trajan's Dacian Wars,0101-01-01T00:00:00Z,0106-01-01T00:00:00Z,9,series of wars,35,,,,
http://www.wikidata.org/entity/Q737907,Second Latin War,-0340-01-01T00:00:00Z,-0337-01-01T00:00:00Z,9,war,29,,,,
http://www.wikidata.org/entity/Q738787,Lelantine War,-0709-01-01T00:00:00Z,-0649-01-01T00:00:00Z,9,war,23,,,,
http://www.wikidata.org/entity/Q743776,First Peloponnesian War,-0459-01-01T00:00:00Z,-0444-01-01T00:00:00Z,9,war,23,,,,
http://www.wikidata.org/entity/Q749771,ministry of Jesus,0028-01-01T00:00:00Z,0033-04-01T00:00:00Z,9,aspect of history,30,,,,
http://www.wikidata.org/entity/Q749771,ministry of Jesus,0028-01-01T00:00:00Z,0030-04-05T00:00:00Z,9,aspect of history,30,,,,
http://www.wikidata.org/entity/Q784974,Kanva dynasty,-0069-01-01T00:00:00Z,-0024-01-01T00:00:00Z,9,dynasty,34,,,,
http://www.wikidata.org/entity/Q827612,Jugurthine War,-0110-01-01T00:00:00Z,-0104-01-01T00:00:00Z,9,war,36,,,,
http://www.wikidata.org/entity/Q843745,Classical Greece,-0489-01-01T00:00:00Z,-0322-01-01T00:00:00Z,9,historical period,52,,,,
http://www.wikidata.org/entity/Q843745,Classical Greece,-0489-01-01T00:00:00Z,-0322-01-01T00:00:00Z,9,archaeological culture,52,,,,
http://www.wikidata.org/entity/Q844886,Siege of Jerusalem,0070-02-01T00:00:00Z,0070-09-08T00:00:00Z,10,siege,41,,,,
http://www.wikidata.org/entity/Q845909,Scythia,-0799-01-01T00:00:00Z,-0399-01-01T00:00:00Z,9,historical country,54,,,,
http://www.wikidata.org/entity/Q845909,Scythia,-0799-01-01T00:00:00Z,-0399-01-01T00:00:00Z,9,historical region,54,,,,
http://www.wikidata.org/entity/Q852337,geometric art,-0899-01-01T00:00:00Z,-0750-01-01T00:00:00Z,9,archaeological period,35,,,,
http://www.wikidata.org/entity/Q852337,geometric art,-0899-01-01T00:00:00Z,-0750-01-01T00:00:00Z,9,art style,35,,,,
http://www.wikidata.org/entity/Q903199,Cimbrian War,-0112-01-01T00:00:00Z,-0100-01-01T00:00:00Z,9,war,30,,,,
http://www.wikidata.org/entity/Q917982,Pazyryk culture,-0499-01-01T00:00:00Z,-0299-01-01T00:00:00Z,9,archaeological culture,30,,,,
http://www.wikidata.org/entity/Q1021436,Lapita,-1499-01-01T00:00:00Z,-0499-01-01T00:00:00Z,9,archaeological culture,36,,,,
http://www.wikidata.org/entity/Q1051384,Catuvellauni,-0099-01-01T00:00:00Z,0500-01-01T00:00:00Z,9,historical ethnic group,22,,,,
http://www.wikidata.org/entity/Q1051384,Catuvellauni,-0099-01-01T00:00:00Z,0500-01-01T00:00:00Z,9,Roman client kingdoms in Britain,22,,,,
http://www.wikidata.org/entity/Q1056845,Iron Age India,-1499-01-01T00:00:00Z,-0199-01-01T00:00:00Z,9,historical period,20,,,,
http://www.wikidata.org/entity/Q1059758,Bronze Age collapse,-1199-01-01T00:00:00Z,-1149-01-01T00:00:00Z,9,societal collapse,44,,,,
http://www.wikidata.org/entity/Q1127723,Paracas culture,-0899-01-01T00:00:00Z,-0199-01-01T00:00:00Z,9,archaeological culture,29,,,,
http://www.wikidata.org/entity/Q1147037,Eastern Han,0023-01-01T00:00:00Z,0220-01-01T00:00:00Z,9,historical Chinese state,21,,,,
http://www.wikidata.org/entity/Q1147037,Eastern Han,0023-01-01T00:00:00Z,0220-01-01T00:00:00Z,9,historical period,21,,,,
http://www.wikidata.org/entity/Q1147037,Eastern Han,0023-01-01T00:00:00Z,0220-01-01T00:00:00Z,9,style,21,,,,
http://www.wikidata.org/entity/Q1147037,Eastern Han,0023-01-01T00:00:00Z,0220-01-01T00:00:00Z,9,culture,21,,,,
http://www.wikidata.org/entity/Q1151705,Chu–Han Contention,-0205-01-01T00:00:00Z,-0201-01-01T00:00:00Z,9,war,19,,,,
http://www.wikidata.org/entity/Q1192043,Roman–Parthian Wars,-0065-01-01T00:00:00Z,0217-01-01T00:00:00Z,9,series of wars,29,,,,
http://www.wikidata.org/entity/Q1195760,Battle of Changping,-0261-04-01T00:00:00Z,-0259-07-01T00:00:00Z,10,battle,21,,,,
http://www.wikidata.org/entity/Q1202928,Lusitanian War,-0154-01-01T00:00:00Z,-0138-01-01T00:00:00Z,9,series of wars,22,,,,
http://www.wikidata.org/entity/Q1236678,orientalizing period,-0699-01-01T00:00:00Z,-0599-01-01T00:00:00Z,9,aspect in a historical period,26,,,,
http://www.wikidata.org/entity/Q1236678,orientalizing period,-0699-01-01T00:00:00Z,-0599-01-01T00:00:00Z,9,architectural style,26,,,,
http://www.wikidata.org/entity/Q1238338,Caesar's Civil War,-0048-01-08T00:00:00Z,-0044-03-15T00:00:00Z,11,civil war,49,,,,
http://www.wikidata.org/entity/Q1249270,Third Sacred War,-0355-01-01T00:00:00Z,-0345-01-01T00:00:00Z,9,war,19,,,,
http://www.wikidata.org/entity/Q1265861,Great Illyrian Revolt,0006-01-01T00:00:00Z,0009-01-01T00:00:00Z,9,war,20,,,,
http://www.wikidata.org/entity/Q1290590,Siege of Jerusalem,-0588-01-01T00:00:00Z,-0586-01-01T00:00:00Z,9,siege,25,,,,
http://www.wikidata.org/entity/Q1330607,Syrian Wars,-0273-01-01T00:00:00Z,-0167-01-01T00:00:00Z,9,series of wars,35,,,,
http://www.wikidata.org/entity/Q1337302,Hannibal's crossing of the Alps,-0217-05-01T00:00:00Z,-0217-09-01T00:00:00Z,10,military operation,18,,,,
http://www.wikidata.org/entity/Q1340107,Cantabrian Wars,-0028-01-01T00:00:00Z,-0018-01-01T00:00:00Z,9,series of wars,22,,,,
http://www.wikidata.org/entity/Q1398184,Fatyanovo–Balanovo culture,-2599-01-01T00:00:00Z,-1849-01-01T00:00:00Z,9,archaeological culture,20,,,,
http://www.wikidata.org/entity/Q1470165,Srubnaya culture,-1599-01-01T00:00:00Z,-1199-01-01T00:00:00Z,9,archaeological culture,18,,,,
http://www.wikidata.org/entity/Q1511519,Catacomb culture,-2499-01-01T00:00:00Z,-1999-01-01T00:00:00Z,9,archaeological culture,24,,,,
http://www.wikidata.org/entity/Q1533828,Roman–Parthian War of 58–63,0058-01-01T00:00:00Z,0063-01-01T00:00:00Z,9,war,20,,,,
http://www.wikidata.org/entity/Q1616064,Mithridatic Wars,-0087-01-01T00:00:00Z,-0062-01-01T00:00:00Z,9,war,38,,,,
http://www.wikidata.org/entity/Q1647768,First Mithridatic War,-0088-01-01T00:00:00Z,-0084-01-01T00:00:00Z,9,war,29,,,,
http://www.wikidata.org/entity/Q1764124,Third Mithridatic War,-0072-01-01T00:00:00Z,-0062-01-01T00:00:00Z,9,war,25,,,,
http://www.wikidata.org/entity/Q1991765,Second Mithridatic War,-0082-01-01T00:00:00Z,-0080-01-01T00:00:00Z,9,war,24,,,,
http://www.wikidata.org/entity/Q2000977,Fifth-century Athens,-0479-01-01T00:00:00Z,-0403-01-01T00:00:00Z,9,historical period,24,,,,
http://www.wikidata.org/entity/Q2000977,Fifth-century Athens,-0479-01-01T00:00:00Z,-0403-01-01T00:00:00Z,9,golden age,24,,,,
http://www.wikidata.org/entity/Q2003895,Astures,-0206-01-01T00:00:00Z,0060-01-01T00:00:00Z,9,historical ethnic group,20,,,,
http://www.wikidata.org/entity/Q2075775,Second Messenian War,-0684-01-01T00:00:00Z,-0667-01-01T00:00:00Z,9,war,20,,,,
http://www.wikidata.org/entity/Q2338771,Cretan War of 205-200 BCE,-0204-01-01T00:00:00Z,-0199-01-01T00:00:00Z,9,war,21,,,,
http://www.wikidata.org/entity/Q2362482,First Persian invasion of Greece,-0491-01-01T00:00:00Z,-0489-01-01T00:00:00Z,9,war,22,,,,
http://www.wikidata.org/entity/Q2525293,Painted Grey Ware culture,-1199-01-01T00:00:00Z,-0599-01-01T00:00:00Z,9,archaeological culture,24,,,,
http://www.wikidata.org/entity/Q2583092,Liberators' Civil War,-0042-01-01T00:00:00Z,-0041-01-01T00:00:00Z,9,civil war,26,,,,
http://www.wikidata.org/entity/Q2912306,Wars of the Diadochi,-0321-01-01T00:00:00Z,-0274-01-01T00:00:00Z,9,war of succession,29,,,,
http://www.wikidata.org/entity/Q4200795,Indian campaign of Alexander the Great,-0326-01-01T00:00:00Z,-0324-01-01T00:00:00Z,9,military campaign,18,,,,
http://www.wikidata.org/entity/Q4205368,Jewish–Roman Wars,0066-01-01T00:00:00Z,0135-01-01T00:00:00Z,9,series of wars,35,,,,
http://www.wikidata.org/entity/Q11475544,Servile Wars,-0134-01-01T00:00:00Z,-0070-01-01T00:00:00Z,9,war,34,,,,
http://www.wikidata.org/entity/Q11924845,Messenian Wars,-0742-01-01T00:00:00Z,-0453-01-01T00:00:00Z,9,series of wars,30,,,,
http://www.wikidata.org/entity/Q2277,Roman Empire,-0026-01-01T00:00:00Z,0395-01-01T00:00:00Z,10,historical country,207,,,,
http://www.wikidata.org/entity/Q6286,First Punic War,-0263-01-01T00:00:00Z,-0240-01-01T00:00:00Z,9,war,64,,,,
http://www.wikidata.org/entity/Q8103,2nd century,0100-12-31T00:00:00Z,0200-12-31T00:00:00Z,11,century,141,,,,
http://www.wikidata.org/entity/Q8106,1st century,0001-01-01T00:00:00Z,0100-12-30T00:00:00Z,9,century,145,,,,
http://www.wikidata.org/entity/Q11761,Bronze Age,-3099-01-01T00:00:00Z,-0599-01-01T00:00:00Z,9,archaeological age,157,,,,
http://www.wikidata.org/entity/Q11761,Bronze Age,-3099-01-01T00:00:00Z,-1199-01-01T00:00:00Z,9,archaeological age,157,,,,
http://www.wikidata.org/entity/Q11761,Bronze Age,-3099-01-01T00:00:00Z,-0299-01-01T00:00:00Z,9,archaeological age,157,,,,
http://www.wikidata.org/entity/Q11761,Bronze Age,-3199-01-01T00:00:00Z,-0599-01-01T00:00:00Z,9,archaeological age,157,,,,
http://www.wikidata.org/entity/Q11761,Bronze Age,-3199-01-01T00:00:00Z,-1199-01-01T00:00:00Z,9,archaeological age,157,,,,
http://www.wikidata.org/entity/Q11761,Bronze Age,-3199-01-01T00:00:00Z,-0299-01-01T00:00:00Z,9,archaeological age,157,,,,
http://www.wikidata.org/entity/Q11761,Bronze Age,-3299-01-01T00:00:00Z,-0599-01-01T00:00:00Z,9,archaeological age,157,,,,
http://www.wikidata.org/entity/Q11761,Bronze Age,-3299-01-01T00:00:00Z,-1199-01-01T00:00:00Z,9,archaeological age,157,,,,
http://www.wikidata.org/entity/Q11761,Bronze Age,-3299-01-01T00:00:00Z,-0299-01-01T00:00:00Z,9,archaeological age,157,,,,
http://www.wikidata.org/entity/Q17167,Roman Republic,-0508-01-01T00:00:00Z,-0026-01-01T00:00:00Z,9,historical period,122,,,,
http://www.wikidata.org/entity/Q17167,Roman Republic,-0508-01-01T00:00:00Z,-0026-01-01T00:00:00Z,9,historical country,122,,,,
http://www.wikidata.org/entity/Q25297,1st century BC,-0100-12-30T00:00:00Z,0000-12-29T00:00:00Z,11,century,110,,,,
http://www.wikidata.org/entity/Q25339,5th century BC,-0499-01-01T00:00:00Z,-0400-01-01T00:00:00Z,9,century,99,,,,
http://www.wikidata.org/entity/Q25716,1st millennium BC,-0999-01-01T00:00:00Z,0000-01-01T00:00:00Z,9,millennium,81,,,,
http://www.wikidata.org/entity/Q30972,Linear A,-1599-01-01T00:00:00Z,-1449-01-01T00:00:00Z,9,natural writing system,52,,,,
http://www.wikidata.org/entity/Q30972,Linear A,-1599-01-01T00:00:00Z,-1449-01-01T00:00:00Z,9,Aegean scripts,52,,,,
http://www.wikidata.org/entity/Q30972,Linear A,-1599-01-01T00:00:00Z,-1449-01-01T00:00:00Z,9,unicase alphabet,52,,,,
http://www.wikidata.org/entity/Q30972,Linear A,-1599-01-01T00:00:00Z,-1449-01-01T00:00:00Z,9,logographic writing system,52,,,,
http://www.wikidata.org/entity/Q30972,Linear A,-1599-01-01T00:00:00Z,-1449-01-01T00:00:00Z,9,undeciphered writing system,52,,,,
http://www.wikidata.org/entity/Q30972,Linear A,-1599-01-01T00:00:00Z,-1449-01-01T00:00:00Z,9,ancient language,52,,,,
http://www.wikidata.org/entity/Q30972,Linear A,-1599-01-01T00:00:00Z,-1449-01-01T00:00:00Z,9,syllabary,52,,,,
http://www.wikidata.org/entity/Q42937,Trojan War,-1257-01-01T00:00:00Z,-1179-01-01T00:00:00Z,9,mythical war,106,,,,
http://www.wikidata.org/entity/Q42937,Trojan War,-1257-01-01T00:00:00Z,-1179-01-01T00:00:00Z,9,military operation,106,,,,
http://www.wikidata.org/entity/Q51644,Early Christianity,0001-01-01T00:00:00Z,0325-01-01T00:00:00Z,9,historical period,59,,,,
http://www.wikidata.org/entity/Q51644,Early Christianity,0001-01-01T00:00:00Z,0325-01-01T00:00:00Z,9,periodization,59,,,,
