at	word	surface	target_at	target	target_surface	absence	rule	tier	confidence	verdict	review	corrected_at	corrected	corrected_surface	rationale
1:1	4	des				expands	supplied-article-deu	safe	0.8	approved	0				article the original does not write, read as one by UDPipe's German-HDT model (Straka and Straková, ÚFAL, CC BY-NC-SA 4.0); rests on 'Jahres' → 'שְׁנַ֥ת'
1:1	11	das				expands	supplied-article-deu	safe	0.7326	approved	0				article the original does not write, read as one by UDPipe's German-HDT model (Straka and Straková, ÚFAL, CC BY-NC-SA 4.0); rests on 'Wort' → 'דְבַר'
1:1	13	des				expands	supplied-article-deu	safe	0.7098	approved	0				article the original does not write, read as one by UDPipe's German-HDT model (Straka and Straková, ÚFAL, CC BY-NC-SA 4.0); rests on 'HERR' → 'יְהוָ֗ה'
1:1	17	dem				expands	supplied-article-deu	safe	0.7852	approved	0				article the original does not write, read as one by UDPipe's German-HDT model (Straka and Straková, ÚFAL, CC BY-NC-SA 4.0); rests on 'Sohn' → 'בֶּן'
1:1	20	des				expands	supplied-article-deu	safe	0.7925	approved	0				article the original does not write, read as one by UDPipe's German-HDT model (Straka and Straková, ÚFAL, CC BY-NC-SA 4.0); rests on 'Sohnes' → 'בֶּן'
1:2	1	Der				expands	supplied-article-deu	safe	0.7098	approved	0				article the original does not write, read as one by UDPipe's German-HDT model (Straka and Straková, ÚFAL, CC BY-NC-SA 4.0); rests on 'HERR' → 'יְהוָ֛ה'
1:3	7	der				expands	supplied-article-deu	safe	0.7098	approved	0				article the original does not write, read as one by UDPipe's German-HDT model (Straka and Straková, ÚFAL, CC BY-NC-SA 4.0); rests on 'HERR' → 'יְהוָ֣ה'
1:3	15	der				expands	supplied-article-deu	safe	0.7098	approved	0				article the original does not write, read as one by UDPipe's German-HDT model (Straka and Straková, ÚFAL, CC BY-NC-SA 4.0); rests on 'HERR' → 'יְהוָ֣ה'
1:3	26	der				expands	supplied-article-deu	safe	0.7098	approved	0				article the original does not write, read as one by UDPipe's German-HDT model (Straka and Straková, ÚFAL, CC BY-NC-SA 4.0); rests on 'HERR' → 'יְהוָ֥ה'
1:4	15	der				expands	supplied-article-deu	safe	0.7098	approved	0				article the original does not write, read as one by UDPipe's German-HDT model (Straka and Straková, ÚFAL, CC BY-NC-SA 4.0); rests on 'HERR' → 'יְהוָ֣ה'
1:4	39	der				expands	supplied-article-deu	safe	0.7098	approved	0				article the original does not write, read as one by UDPipe's German-HDT model (Straka and Straková, ÚFAL, CC BY-NC-SA 4.0); rests on 'HERR' → 'יְהוָֽה'
1:6	31	der				expands	supplied-article-deu	safe	0.7098	approved	0				article the original does not write, read as one by UDPipe's German-HDT model (Straka and Straková, ÚFAL, CC BY-NC-SA 4.0); rests on 'HERR' → 'יְהוָ֤ה'
1:7	4	des				expands	supplied-article-deu	safe	0.7841	approved	0				article the original does not write, read as one by UDPipe's German-HDT model (Straka and Straková, ÚFAL, CC BY-NC-SA 4.0); rests on 'Monats' → 'חֹ֨דֶשׁ֙'
1:7	9	der				expands	supplied-article-deu	safe	0.7714	approved	0				article the original does not write, read as one by UDPipe's German-HDT model (Straka and Straková, ÚFAL, CC BY-NC-SA 4.0); rests on 'Monat' → 'חֹ֣דֶשׁ'
1:7	19	das				expands	supplied-article-deu	safe	0.7326	approved	0				article the original does not write, read as one by UDPipe's German-HDT model (Straka and Straková, ÚFAL, CC BY-NC-SA 4.0); rests on 'Wort' → 'דְבַר'
1:7	21	des				expands	supplied-article-deu	safe	0.7644	approved	0				article the original does not write, read as one by UDPipe's German-HDT model (Straka and Straková, ÚFAL, CC BY-NC-SA 4.0); rests on 'HERRN' → 'יְהוָ֗ה'
1:7	25	dem				expands	supplied-article-deu	safe	0.7852	approved	0				article the original does not write, read as one by UDPipe's German-HDT model (Straka and Straková, ÚFAL, CC BY-NC-SA 4.0); rests on 'Sohn' → 'בֶּן'
1:7	28	des				expands	supplied-article-deu	safe	0.7925	approved	0				article the original does not write, read as one by UDPipe's German-HDT model (Straka and Straková, ÚFAL, CC BY-NC-SA 4.0); rests on 'Sohnes' → 'בֶּן'
1:8	8	ein				expands	supplied-indefinite-article-deu	safe	0.7491	approved	0				indefinite article, read as one by UDPipe's German-HDT model (Straka and Straková, ÚFAL, CC BY-NC-SA 4.0); rests on 'Mann' → 'אִישׁ֙'
1:10	16	der				expands	supplied-article-deu	safe	0.7098	approved	0				article the original does not write, read as one by UDPipe's German-HDT model (Straka and Straková, ÚFAL, CC BY-NC-SA 4.0); rests on 'HERR' → 'יְהוָ֔ה'
1:11	4	dem				expands	supplied-article-deu	safe	0.7916	approved	0				article the original does not write, read as one by UDPipe's German-HDT model (Straka and Straková, ÚFAL, CC BY-NC-SA 4.0); rests on 'Engel' → 'מַלְאַ֣ךְ'
1:12	3	der				expands	supplied-article-deu	safe	0.7916	approved	0				article the original does not write, read as one by UDPipe's German-HDT model (Straka and Straková, ÚFAL, CC BY-NC-SA 4.0); rests on 'Engel' → 'מַלְאַךְ'
1:12	5	des				expands	supplied-article-deu	safe	0.7644	approved	0				article the original does not write, read as one by UDPipe's German-HDT model (Straka and Straková, ÚFAL, CC BY-NC-SA 4.0); rests on 'HERRN' → 'יְהוָה֮'
1:12	23	die				expands	supplied-article-deu	safe	0.7885	approved	0				article the original does not write, read as one by UDPipe's German-HDT model (Straka and Straková, ÚFAL, CC BY-NC-SA 4.0); rests on 'Städte' → 'עָרֵ֣י'
1:13	2	der				expands	supplied-article-deu	safe	0.7098	approved	0				article the original does not write, read as one by UDPipe's German-HDT model (Straka and Straková, ÚFAL, CC BY-NC-SA 4.0); rests on 'HERR' → 'יְהוָ֗ה'
1:14	16	der				expands	supplied-article-deu	safe	0.7098	approved	0				article the original does not write, read as one by UDPipe's German-HDT model (Straka and Straková, ÚFAL, CC BY-NC-SA 4.0); rests on 'HERR' → 'יְהוָ֣ה'
1:16	4	der				expands	supplied-article-deu	safe	0.7098	approved	0				article the original does not write, read as one by UDPipe's German-HDT model (Straka and Straková, ÚFAL, CC BY-NC-SA 4.0); rests on 'HERR' → 'יְהוָ֗ה'
1:16	23	der				expands	supplied-article-deu	safe	0.7098	approved	0				article the original does not write, read as one by UDPipe's German-HDT model (Straka and Straková, ÚFAL, CC BY-NC-SA 4.0); rests on 'HERR' → 'יְהוָ֣ה'
1:17	8	der				expands	supplied-article-deu	safe	0.7098	approved	0				article the original does not write, read as one by UDPipe's German-HDT model (Straka and Straková, ÚFAL, CC BY-NC-SA 4.0); rests on 'HERR' → 'יְהוָ֣ה'
1:17	19	der				expands	supplied-article-deu	safe	0.7098	approved	0				article the original does not write, read as one by UDPipe's German-HDT model (Straka and Straková, ÚFAL, CC BY-NC-SA 4.0); rests on 'HERR' → 'יְהוָ֥ה'
1:19	21	die				expands	supplied-article-deu	safe	0.7892	approved	0				article the original does not write, read as one by UDPipe's German-HDT model (Straka and Straková, ÚFAL, CC BY-NC-SA 4.0); rests on 'Juda' → 'יְהוּדָ֔ה'
1:20	2	der				expands	supplied-article-deu	safe	0.7098	approved	0				article the original does not write, read as one by UDPipe's German-HDT model (Straka and Straková, ÚFAL, CC BY-NC-SA 4.0); rests on 'HERR' → 'יְהוָ֔ה'
1:21	12	die				expands	supplied-article-deu	safe	0.7892	approved	0				article the original does not write, read as one by UDPipe's German-HDT model (Straka and Straková, ÚFAL, CC BY-NC-SA 4.0); rests on 'Juda' → 'יְהוּדָ֗ה'
1:21	31	die				expands	supplied-article-deu	safe	0.7392	approved	0				article the original does not write, read as one by UDPipe's German-HDT model (Straka and Straková, ÚFAL, CC BY-NC-SA 4.0); rests on 'Hörner' → 'קַרְנֹ֣ות'
1:21	37	das				expands	supplied-article-deu	safe	0.692	approved	0				article the original does not write, read as one by UDPipe's German-HDT model (Straka and Straková, ÚFAL, CC BY-NC-SA 4.0); rests on 'Horn' → 'קֶ֛רֶן'
1:21	41	das				expands	supplied-article-deu	safe	0.7647	approved	0				article the original does not write, read as one by UDPipe's German-HDT model (Straka and Straková, ÚFAL, CC BY-NC-SA 4.0); rests on 'Land' → 'אֶ֥רֶץ'
2:1	11	ein				expands	supplied-indefinite-article-deu	safe	0.7491	approved	0				indefinite article, read as one by UDPipe's German-HDT model (Straka and Straková, ÚFAL, CC BY-NC-SA 4.0); rests on 'Mann' → 'אִ֑ישׁ'
2:1	17	der				expands	supplied-article-deu	safe	0.7465	approved	0				article the original does not write, read as one by UDPipe's German-HDT model (Straka and Straková, ÚFAL, CC BY-NC-SA 4.0); rests on 'Hand' → 'יָדֹ֖ו'
2:3	12	ein				expands	supplied-indefinite-article-deu	safe	0.7919	approved	0				indefinite article, read as one by UDPipe's German-HDT model (Straka and Straková, ÚFAL, CC BY-NC-SA 4.0); rests on 'Engel' → 'מַלְאָ֣ךְ'
2:4	22	der				expands	supplied-article-deu	safe	0.711	approved	0				article the original does not write, read as one by UDPipe's German-HDT model (Straka and Straková, ÚFAL, CC BY-NC-SA 4.0); rests on 'Menschen' → 'אָדָ֛ם'
2:5	7	eine				expands	supplied-indefinite-article-deu	safe	0.7209	approved	0				indefinite article, read as one by UDPipe's German-HDT model (Straka and Straková, ÚFAL, CC BY-NC-SA 4.0); rests on 'Mauer' → 'חֹ֥ומַת'
2:6	8	der				expands	supplied-article-deu	safe	0.7099	approved	0				article the original does not write, read as one by UDPipe's German-HDT model (Straka and Straková, ÚFAL, CC BY-NC-SA 4.0); rests on 'HERR' → 'יְהוָ֑ה'
2:6	15	die				expands	supplied-article-deu	safe	0.7833	approved	0				article the original does not write, read as one by UDPipe's German-HDT model (Straka and Straková, ÚFAL, CC BY-NC-SA 4.0); rests on 'Winde' → 'רוּחֹ֧ות'
2:6	23	der				expands	supplied-article-deu	safe	0.7099	approved	0				article the original does not write, read as one by UDPipe's German-HDT model (Straka and Straková, ÚFAL, CC BY-NC-SA 4.0); rests on 'HERR' → 'יְהוָֽה'
2:7	7	der				expands	supplied-article-deu	safe	0.7966	approved	0				article the original does not write, read as one by UDPipe's German-HDT model (Straka and Straková, ÚFAL, CC BY-NC-SA 4.0); rests on 'Tochter' → 'בַּת'
2:8	4	der				expands	supplied-article-deu	safe	0.7099	approved	0				article the original does not write, read as one by UDPipe's German-HDT model (Straka and Straková, ÚFAL, CC BY-NC-SA 4.0); rests on 'HERR' → 'יְהוָ֣ה'
2:9	13	ein				expands	supplied-indefinite-article-deu	safe	0.5717	approved	0				indefinite article, read as one by UDPipe's German-HDT model (Straka and Straková, ÚFAL, CC BY-NC-SA 4.0); rests on 'Raub' → 'שָׁלָ֖ל'
2:9	27	der				expands	supplied-article-deu	safe	0.7099	approved	0				article the original does not write, read as one by UDPipe's German-HDT model (Straka and Straková, ÚFAL, CC BY-NC-SA 4.0); rests on 'HERR' → 'יְהוָ֥ה'
2:10	19	der				expands	supplied-article-deu	safe	0.7099	approved	0				article the original does not write, read as one by UDPipe's German-HDT model (Straka and Straková, ÚFAL, CC BY-NC-SA 4.0); rests on 'HERR' → 'יְהוָֽה'
2:11	28	der				expands	supplied-article-deu	safe	0.7099	approved	0				article the original does not write, read as one by UDPipe's German-HDT model (Straka and Straková, ÚFAL, CC BY-NC-SA 4.0); rests on 'HERR' → 'יְהוָ֥ה'
2:12	2	der				expands	supplied-article-deu	safe	0.7099	approved	0				article the original does not write, read as one by UDPipe's German-HDT model (Straka and Straková, ÚFAL, CC BY-NC-SA 4.0); rests on 'HERR' → 'יְהוָ֤ה'
2:13	6	dem				expands	supplied-article-deu	safe	0.7644	approved	0				article the original does not write, read as one by UDPipe's German-HDT model (Straka and Straková, ÚFAL, CC BY-NC-SA 4.0); rests on 'HERRN' → 'יְהוָ֑ה'
3:1	10	dem				expands	supplied-article-deu	safe	0.7917	approved	0				article the original does not write, read as one by UDPipe's German-HDT model (Straka and Straková, ÚFAL, CC BY-NC-SA 4.0); rests on 'Engel' → 'מַלְאַ֣ךְ'
3:1	12	des				expands	supplied-article-deu	safe	0.7644	approved	0				article the original does not write, read as one by UDPipe's German-HDT model (Straka and Straková, ÚFAL, CC BY-NC-SA 4.0); rests on 'HERRN' → 'יְהוָ֑ה'
3:2	2	der				expands	supplied-article-deu	safe	0.7099	approved	0				article the original does not write, read as one by UDPipe's German-HDT model (Straka and Straková, ÚFAL, CC BY-NC-SA 4.0); rests on 'HERR' → 'יְהוָ֜ה'
3:2	8	Der				expands	supplied-article-deu	safe	0.7099	approved	0				article the original does not write, read as one by UDPipe's German-HDT model (Straka and Straková, ÚFAL, CC BY-NC-SA 4.0); rests on 'HERR' → 'יְהוָ֤ה'
3:2	15	der				expands	supplied-article-deu	safe	0.7099	approved	0				article the original does not write, read as one by UDPipe's German-HDT model (Straka and Straková, ÚFAL, CC BY-NC-SA 4.0); rests on 'HERR' → 'יְהוָה֙'
3:2	30	dem				expands	supplied-article-deu	safe	0.7483	approved	0				article the original does not write, read as one by UDPipe's German-HDT model (Straka and Straková, ÚFAL, CC BY-NC-SA 4.0); rests on 'Feuer' → 'אֵֽשׁ'
3:5	26	der				expands	supplied-article-deu	safe	0.7917	approved	0				article the original does not write, read as one by UDPipe's German-HDT model (Straka and Straková, ÚFAL, CC BY-NC-SA 4.0); rests on 'Engel' → 'מַלְאַ֥ךְ'
3:5	28	des				expands	supplied-article-deu	safe	0.7644	approved	0				article the original does not write, read as one by UDPipe's German-HDT model (Straka and Straková, ÚFAL, CC BY-NC-SA 4.0); rests on 'HERRN' → 'יְהוָ֖ה'
3:6	2	der				expands	supplied-article-deu	safe	0.7917	approved	0				article the original does not write, read as one by UDPipe's German-HDT model (Straka and Straková, ÚFAL, CC BY-NC-SA 4.0); rests on 'Engel' → 'מַלְאַ֣ךְ'
3:7	3	der				expands	supplied-article-deu	safe	0.7099	approved	0				article the original does not write, read as one by UDPipe's German-HDT model (Straka and Straková, ÚFAL, CC BY-NC-SA 4.0); rests on 'HERR' → 'יְהוָ֣ה'
3:9	23	der				expands	supplied-article-deu	safe	0.7099	approved	0				article the original does not write, read as one by UDPipe's German-HDT model (Straka and Straková, ÚFAL, CC BY-NC-SA 4.0); rests on 'HERR' → 'יְהוָ֣ה'
3:10	5	der				expands	supplied-article-deu	safe	0.7099	approved	0				article the original does not write, read as one by UDPipe's German-HDT model (Straka and Straková, ÚFAL, CC BY-NC-SA 4.0); rests on 'HERR' → 'יְהוָ֣ה'
3:10	14	den				expands	supplied-article-deu	safe	0.789	approved	0				article the original does not write, read as one by UDPipe's German-HDT model (Straka and Straková, ÚFAL, CC BY-NC-SA 4.0); rests on 'Weinstock' → 'גֶּ֖פֶן'
3:10	18	den				expands	supplied-article-deu	safe	0.8	approved	0				article the original does not write, read as one by UDPipe's German-HDT model (Straka and Straková, ÚFAL, CC BY-NC-SA 4.0); rests on 'Feigenbaum' → 'תְּאֵנָֽה'
4:2	17	ein				expands	supplied-indefinite-article-deu	safe	0.7921	approved	0				indefinite article, read as one by UDPipe's German-HDT model (Straka and Straková, ÚFAL, CC BY-NC-SA 4.0); rests on 'Leuchter' → 'מְנֹורַת֩'
4:6	10	das				expands	supplied-article-deu	safe	0.7326	approved	0				article the original does not write, read as one by UDPipe's German-HDT model (Straka and Straková, ÚFAL, CC BY-NC-SA 4.0); rests on 'Wort' → 'דְּבַר'
4:6	12	des				expands	supplied-article-deu	safe	0.7644	approved	0				article the original does not write, read as one by UDPipe's German-HDT model (Straka and Straková, ÚFAL, CC BY-NC-SA 4.0); rests on 'HERRN' → 'יְהוָ֔ה'
4:6	29	der				expands	supplied-article-deu	safe	0.7103	approved	0				article the original does not write, read as one by UDPipe's German-HDT model (Straka and Straková, ÚFAL, CC BY-NC-SA 4.0); rests on 'HERR' → 'יְהוָ֥ה'
4:8	6	das				expands	supplied-article-deu	safe	0.7326	approved	0				article the original does not write, read as one by UDPipe's German-HDT model (Straka and Straková, ÚFAL, CC BY-NC-SA 4.0); rests on 'Wort' → 'דְבַר'
4:8	8	des				expands	supplied-article-deu	safe	0.7644	approved	0				article the original does not write, read as one by UDPipe's German-HDT model (Straka and Straková, ÚFAL, CC BY-NC-SA 4.0); rests on 'HERRN' → 'יְהוָ֖ה'
4:9	1	Die				expands	supplied-article-deu	safe	0.7276	approved	0				article the original does not write, read as one by UDPipe's German-HDT model (Straka and Straková, ÚFAL, CC BY-NC-SA 4.0); rests on 'Hände' → 'יְדֵ֣י'
4:9	18	der				expands	supplied-article-deu	safe	0.7103	approved	0				article the original does not write, read as one by UDPipe's German-HDT model (Straka and Straková, ÚFAL, CC BY-NC-SA 4.0); rests on 'HERR' → 'יְהוָ֥ה'
4:10	23	des				expands	supplied-article-deu	safe	0.7644	approved	0				article the original does not write, read as one by UDPipe's German-HDT model (Straka and Straková, ÚFAL, CC BY-NC-SA 4.0); rests on 'HERRN' → 'יְהוָ֔ה'
4:14	6	die				expands	supplied-article-deu	safe	0.7834	approved	0				article the original does not write, read as one by UDPipe's German-HDT model (Straka and Straková, ÚFAL, CC BY-NC-SA 4.0); rests on 'zwei' → 'שְׁנֵ֣י'
5:4	15	das				expands	supplied-article-deu	safe	0.7858	approved	0				article the original does not write, read as one by UDPipe's German-HDT model (Straka and Straková, ÚFAL, CC BY-NC-SA 4.0); rests on 'Haus' → 'בֵּ֣ית'
5:4	21	das				expands	supplied-article-deu	safe	0.7858	approved	0				article the original does not write, read as one by UDPipe's German-HDT model (Straka and Straková, ÚFAL, CC BY-NC-SA 4.0); rests on 'Haus' → 'בֵּ֛ית'
5:9	19	der				expands	supplied-article-deu	safe	0.7782	approved	0				article the original does not write, read as one by UDPipe's German-HDT model (Straka and Straková, ÚFAL, CC BY-NC-SA 4.0); rests on 'Wind' → 'ר֣וּחַ'
5:11	8	ein				expands	supplied-indefinite-article-deu	safe	0.7858	approved	0				indefinite article, read as one by UDPipe's German-HDT model (Straka and Straková, ÚFAL, CC BY-NC-SA 4.0); rests on 'Haus' → 'בַ֖יִת'
6:5	10	die				expands	supplied-article-deu	safe	0.7833	approved	0				article the original does not write, read as one by UDPipe's German-HDT model (Straka and Straková, ÚFAL, CC BY-NC-SA 4.0); rests on 'Winde' → 'רֻחֹ֣ות'
6:9	2	des				expands	supplied-article-deu	safe	0.7643	approved	0				article the original does not write, read as one by UDPipe's German-HDT model (Straka and Straková, ÚFAL, CC BY-NC-SA 4.0); rests on 'HERRN' → 'יְהוָ֖ה'
6:10	23	des				expands	supplied-article-deu	safe	0.7925	approved	0				article the original does not write, read as one by UDPipe's German-HDT model (Straka and Straková, ÚFAL, CC BY-NC-SA 4.0); rests on 'Sohnes' → 'בֶן'
6:11	17	des				expands	supplied-article-deu	safe	0.7925	approved	0				article the original does not write, read as one by UDPipe's German-HDT model (Straka and Straková, ÚFAL, CC BY-NC-SA 4.0); rests on 'Sohnes' → 'בֶּן'
6:12	7	der				expands	supplied-article-deu	safe	0.7101	approved	0				article the original does not write, read as one by UDPipe's German-HDT model (Straka and Straková, ÚFAL, CC BY-NC-SA 4.0); rests on 'HERR' → 'יְהוָ֥ה'
6:12	13	ein				expands	supplied-indefinite-article-deu	safe	0.7491	approved	0				indefinite article, read as one by UDPipe's German-HDT model (Straka and Straková, ÚFAL, CC BY-NC-SA 4.0); rests on 'Mann' → 'אִ֞ישׁ'
6:12	27	des				expands	supplied-article-deu	safe	0.7643	approved	0				article the original does not write, read as one by UDPipe's German-HDT model (Straka and Straková, ÚFAL, CC BY-NC-SA 4.0); rests on 'HERRN' → 'יְהוָֽה'
6:13	2	den				expands	supplied-article-deu	safe	0.7156	approved	0				article the original does not write, read as one by UDPipe's German-HDT model (Straka and Straková, ÚFAL, CC BY-NC-SA 4.0); rests on 'Tempel' → 'הֵיכַ֤ל'
6:13	4	des				expands	supplied-article-deu	safe	0.7643	approved	0				article the original does not write, read as one by UDPipe's German-HDT model (Straka and Straková, ÚFAL, CC BY-NC-SA 4.0); rests on 'HERRN' → 'יְהוָה֙'
6:13	35	den				expands	supplied-article-deu	safe	0.6993	approved	0				article the original does not write, read as one by UDPipe's German-HDT model (Straka and Straková, ÚFAL, CC BY-NC-SA 4.0); rests on 'beiden' → 'שְׁנֵיהֶֽם'
6:14	12	des				expands	supplied-article-deu	safe	0.7925	approved	0				article the original does not write, read as one by UDPipe's German-HDT model (Straka and Straková, ÚFAL, CC BY-NC-SA 4.0); rests on 'Sohnes' → 'בֶּן'
6:14	20	des				expands	supplied-article-deu	safe	0.7643	approved	0				article the original does not write, read as one by UDPipe's German-HDT model (Straka and Straková, ÚFAL, CC BY-NC-SA 4.0); rests on 'HERRN' → 'יְהוָֽה'
6:15	10	des				expands	supplied-article-deu	safe	0.7643	approved	0				article the original does not write, read as one by UDPipe's German-HDT model (Straka and Straková, ÚFAL, CC BY-NC-SA 4.0); rests on 'HERRN' → 'יְהוָ֔ה'
6:15	20	der				expands	supplied-article-deu	safe	0.7101	approved	0				article the original does not write, read as one by UDPipe's German-HDT model (Straka and Straková, ÚFAL, CC BY-NC-SA 4.0); rests on 'HERR' → 'יְהוָ֥ה'
6:15	35	der				expands	supplied-article-deu	safe	0.7917	approved	0				article the original does not write, read as one by UDPipe's German-HDT model (Straka and Straková, ÚFAL, CC BY-NC-SA 4.0); rests on 'Stimme' → 'קֹ֖ול'
6:15	37	des				expands	supplied-article-deu	safe	0.7643	approved	0				article the original does not write, read as one by UDPipe's German-HDT model (Straka and Straková, ÚFAL, CC BY-NC-SA 4.0); rests on 'HERRN' → 'יְהוָ֥ה'
7:1	11	des				expands	supplied-article-deu	safe	0.7643	approved	0				article the original does not write, read as one by UDPipe's German-HDT model (Straka and Straková, ÚFAL, CC BY-NC-SA 4.0); rests on 'HERRN' → 'יְהוָ֜ה'
7:3	10	das				expands	supplied-article-deu	safe	0.7859	approved	0				article the original does not write, read as one by UDPipe's German-HDT model (Straka and Straková, ÚFAL, CC BY-NC-SA 4.0); rests on 'Haus' → 'בֵית'
7:3	12	des				expands	supplied-article-deu	safe	0.7643	approved	0				article the original does not write, read as one by UDPipe's German-HDT model (Straka and Straková, ÚFAL, CC BY-NC-SA 4.0); rests on 'HERRN' → 'יְהוָ֣ה'
7:4	2	des				expands	supplied-article-deu	safe	0.7643	approved	0				article the original does not write, read as one by UDPipe's German-HDT model (Straka and Straková, ÚFAL, CC BY-NC-SA 4.0); rests on 'HERRN' → 'יְהוָ֥ה'
7:7	5	der				expands	supplied-article-deu	safe	0.71	approved	0				article the original does not write, read as one by UDPipe's German-HDT model (Straka and Straková, ÚFAL, CC BY-NC-SA 4.0); rests on 'HERR' → 'יְהוָה֙'
7:8	2	des				expands	supplied-article-deu	safe	0.7643	approved	0				article the original does not write, read as one by UDPipe's German-HDT model (Straka and Straková, ÚFAL, CC BY-NC-SA 4.0); rests on 'HERRN' → 'יְהוָ֔ה'
7:9	3	der				expands	supplied-article-deu	safe	0.71	approved	0				article the original does not write, read as one by UDPipe's German-HDT model (Straka and Straková, ÚFAL, CC BY-NC-SA 4.0); rests on 'HERR' → 'יְהוָ֥ה'
7:10	5	den				expands	supplied-article-deu	safe	0.7591	approved	0				article the original does not write, read as one by UDPipe's German-HDT model (Straka and Straková, ÚFAL, CC BY-NC-SA 4.0); rests on 'Witwen' → 'אַלְמָנָ֧ה'
7:12	18	der				expands	supplied-article-deu	safe	0.71	approved	0				article the original does not write, read as one by UDPipe's German-HDT model (Straka and Straková, ÚFAL, CC BY-NC-SA 4.0); rests on 'HERR' → 'יְהוָ֤ה'
7:13	23	der				expands	supplied-article-deu	safe	0.71	approved	0				article the original does not write, read as one by UDPipe's German-HDT model (Straka and Straková, ÚFAL, CC BY-NC-SA 4.0); rests on 'HERR' → 'יְהוָ֥ה'
7:14	29	das				expands	supplied-article-deu	safe	0.7647	approved	0				article the original does not write, read as one by UDPipe's German-HDT model (Straka and Straková, ÚFAL, CC BY-NC-SA 4.0); rests on 'Land' → 'אֶֽרֶץ'
8:1	2	des				expands	supplied-article-deu	safe	0.7643	approved	0				article the original does not write, read as one by UDPipe's German-HDT model (Straka and Straková, ÚFAL, CC BY-NC-SA 4.0); rests on 'HERRN' → 'יְהוָ֥ה'
8:2	3	der				expands	supplied-article-deu	safe	0.7098	approved	0				article the original does not write, read as one by UDPipe's German-HDT model (Straka and Straková, ÚFAL, CC BY-NC-SA 4.0); rests on 'HERR' → 'יְהוָ֣ה'
8:3	3	der				expands	supplied-article-deu	safe	0.7098	approved	0				article the original does not write, read as one by UDPipe's German-HDT model (Straka and Straková, ÚFAL, CC BY-NC-SA 4.0); rests on 'HERR' → 'יְהוָ֔ה'
8:3	19	eine				expands	supplied-indefinite-article-deu	safe	0.7594	approved	0				indefinite article, read as one by UDPipe's German-HDT model (Straka and Straková, ÚFAL, CC BY-NC-SA 4.0); rests on 'Stadt' → 'עִ֣יר'
8:3	25	der				expands	supplied-article-deu	safe	0.7917	approved	0				article the original does not write, read as one by UDPipe's German-HDT model (Straka and Straková, ÚFAL, CC BY-NC-SA 4.0); rests on 'Berg' → 'הַר'
8:3	27	des				expands	supplied-article-deu	safe	0.7643	approved	0				article the original does not write, read as one by UDPipe's German-HDT model (Straka and Straková, ÚFAL, CC BY-NC-SA 4.0); rests on 'HERRN' → 'יְהוָ֥ה'
8:3	30	ein				expands	supplied-indefinite-article-deu	safe	0.7917	approved	0				indefinite article, read as one by UDPipe's German-HDT model (Straka and Straková, ÚFAL, CC BY-NC-SA 4.0); rests on 'Berg' → 'הַ֥ר'
8:4	3	der				expands	supplied-article-deu	safe	0.7098	approved	0				article the original does not write, read as one by UDPipe's German-HDT model (Straka and Straková, ÚFAL, CC BY-NC-SA 4.0); rests on 'HERR' → 'יְהוָ֣ה'
8:6	10	den				expands	supplied-article-deu	safe	0.7865	approved	0				article the original does not write, read as one by UDPipe's German-HDT model (Straka and Straková, ÚFAL, CC BY-NC-SA 4.0); rests on 'Augen' → 'עֵינֵי֙'
8:7	3	der				expands	supplied-article-deu	safe	0.7098	approved	0				article the original does not write, read as one by UDPipe's German-HDT model (Straka and Straková, ÚFAL, CC BY-NC-SA 4.0); rests on 'HERR' → 'יְהוָ֣ה'
8:9	3	der				expands	supplied-article-deu	safe	0.7098	approved	0				article the original does not write, read as one by UDPipe's German-HDT model (Straka and Straková, ÚFAL, CC BY-NC-SA 4.0); rests on 'HERR' → 'יְהוָ֣ה'
8:9	21	des				expands	supplied-article-deu	safe	0.7188	approved	0				article the original does not write, read as one by UDPipe's German-HDT model (Straka and Straková, ÚFAL, CC BY-NC-SA 4.0); rests on 'Tages' → 'יֹ֞ום'
8:10	34	einen				expands	supplied-indefinite-article-deu	safe	0.6364	approved	0				indefinite article, read as one by UDPipe's German-HDT model (Straka and Straková, ÚFAL, CC BY-NC-SA 4.0); rests on 'jeglichen' → 'אִ֥ישׁ'
8:11	18	der				expands	supplied-article-deu	safe	0.7098	approved	0				article the original does not write, read as one by UDPipe's German-HDT model (Straka and Straková, ÚFAL, CC BY-NC-SA 4.0); rests on 'HERR' → 'יְהוָ֥ה'
8:13	14	ein				expands	supplied-indefinite-article-deu	safe	0.6087	approved	0				indefinite article, read as one by UDPipe's German-HDT model (Straka and Straková, ÚFAL, CC BY-NC-SA 4.0); rests on 'Fluch' → 'קְלָלָ֜ה'
8:13	28	ein				expands	supplied-indefinite-article-deu	safe	0.7775	approved	0				indefinite article, read as one by UDPipe's German-HDT model (Straka and Straková, ÚFAL, CC BY-NC-SA 4.0); rests on 'Segen' → 'בְּרָכָ֑ה'
8:14	3	der				expands	supplied-article-deu	safe	0.7098	approved	0				article the original does not write, read as one by UDPipe's German-HDT model (Straka and Straková, ÚFAL, CC BY-NC-SA 4.0); rests on 'HERR' → 'יְהוָ֣ה'
8:14	18	der				expands	supplied-article-deu	safe	0.7098	approved	0				article the original does not write, read as one by UDPipe's German-HDT model (Straka and Straková, ÚFAL, CC BY-NC-SA 4.0); rests on 'HERR' → 'יְהוָ֣ה'
8:15	12	dem				expands	supplied-article-deu	safe	0.7848	approved	0				article the original does not write, read as one by UDPipe's German-HDT model (Straka and Straková, ÚFAL, CC BY-NC-SA 4.0); rests on 'Hause' → 'בֵּ֣ית'
8:17	22	der				expands	supplied-article-deu	safe	0.7098	approved	0				article the original does not write, read as one by UDPipe's German-HDT model (Straka and Straková, ÚFAL, CC BY-NC-SA 4.0); rests on 'HERR' → 'יְהוָֽה'
8:18	4	des				expands	supplied-article-deu	safe	0.7643	approved	0				article the original does not write, read as one by UDPipe's German-HDT model (Straka and Straková, ÚFAL, CC BY-NC-SA 4.0); rests on 'HERRN' → 'יְהוָ֥ה'
8:19	3	der				expands	supplied-article-deu	safe	0.7098	approved	0				article the original does not write, read as one by UDPipe's German-HDT model (Straka and Straková, ÚFAL, CC BY-NC-SA 4.0); rests on 'HERR' → 'יְהוָ֣ה'
8:19	16	dem				expands	supplied-article-deu	safe	0.7848	approved	0				article the original does not write, read as one by UDPipe's German-HDT model (Straka and Straková, ÚFAL, CC BY-NC-SA 4.0); rests on 'Hause' → 'בֵית'
8:20	3	der				expands	supplied-article-deu	safe	0.7098	approved	0				article the original does not write, read as one by UDPipe's German-HDT model (Straka and Straková, ÚFAL, CC BY-NC-SA 4.0); rests on 'HERR' → 'יְהוָ֣ה'
8:21	3	die				expands	supplied-article-deu	safe	0.7016	approved	0				article the original does not write, read as one by UDPipe's German-HDT model (Straka and Straková, ÚFAL, CC BY-NC-SA 4.0); rests on 'Bürger' → 'יֹשְׁבֵי֩'
8:21	18	dem				expands	supplied-article-deu	safe	0.7643	approved	0				article the original does not write, read as one by UDPipe's German-HDT model (Straka and Straková, ÚFAL, CC BY-NC-SA 4.0); rests on 'HERRN' → 'יְהוָ֔ה'
8:21	23	den				expands	supplied-article-deu	safe	0.7643	approved	0				article the original does not write, read as one by UDPipe's German-HDT model (Straka and Straková, ÚFAL, CC BY-NC-SA 4.0); rests on 'HERRN' → 'יְהוָ֣ה'
8:22	6	die				expands	supplied-article-deu	safe	0.7938	approved	0				article the original does not write, read as one by UDPipe's German-HDT model (Straka and Straková, ÚFAL, CC BY-NC-SA 4.0); rests on 'Heiden' → 'גֹויִ֣ם'
8:22	13	den				expands	supplied-article-deu	safe	0.7643	approved	0				article the original does not write, read as one by UDPipe's German-HDT model (Straka and Straková, ÚFAL, CC BY-NC-SA 4.0); rests on 'HERRN' → 'יְהוָ֥ה'
8:22	21	dem				expands	supplied-article-deu	safe	0.7643	approved	0				article the original does not write, read as one by UDPipe's German-HDT model (Straka and Straková, ÚFAL, CC BY-NC-SA 4.0); rests on 'HERRN' → 'יְהוָֽה'
8:23	3	der				expands	supplied-article-deu	safe	0.7098	approved	0				article the original does not write, read as one by UDPipe's German-HDT model (Straka and Straková, ÚFAL, CC BY-NC-SA 4.0); rests on 'HERR' → 'יְהוָ֣ה'
8:23	17	einen				expands	supplied-indefinite-article-deu	safe	0.7491	approved	0				indefinite article, read as one by UDPipe's German-HDT model (Straka and Straková, ÚFAL, CC BY-NC-SA 4.0); rests on 'Mann' → 'אִ֨ישׁ'
8:23	21	dem				expands	supplied-article-deu	safe	0.8	approved	0				article the original does not write, read as one by UDPipe's German-HDT model (Straka and Straková, ÚFAL, CC BY-NC-SA 4.0); rests on 'Zipfel' → 'כְנַף֩'
9:1	3	die				expands	supplied-article-deu	safe	0.7018	approved	0				article the original does not write, read as one by UDPipe's German-HDT model (Straka and Straková, ÚFAL, CC BY-NC-SA 4.0); rests on 'Last' → 'מַשָּׂ֤א'
9:1	6	der				expands	supplied-article-deu	safe	0.7102	approved	0				article the original does not write, read as one by UDPipe's German-HDT model (Straka and Straková, ÚFAL, CC BY-NC-SA 4.0); rests on 'HERR' → 'יְהוָה֙'
9:1	10	das				expands	supplied-article-deu	safe	0.7647	approved	0				article the original does not write, read as one by UDPipe's German-HDT model (Straka and Straková, ÚFAL, CC BY-NC-SA 4.0); rests on 'Land' → 'אֶ֣רֶץ'
9:1	20	der				expands	supplied-article-deu	safe	0.7102	approved	0				article the original does not write, read as one by UDPipe's German-HDT model (Straka and Straková, ÚFAL, CC BY-NC-SA 4.0); rests on 'HERR' → 'יהוָה֙'
9:1	24	die				expands	supplied-article-deu	safe	0.711	approved	0				article the original does not write, read as one by UDPipe's German-HDT model (Straka and Straková, ÚFAL, CC BY-NC-SA 4.0); rests on 'Menschen' → 'אָדָ֔ם'
9:5	2	das				expands	supplied-article-deu	safe	0.8	approved	0				article the original does not write, read as one by UDPipe's German-HDT model (Straka and Straková, ÚFAL, CC BY-NC-SA 4.0); rests on 'Askalon' → 'אַשְׁקְלֹ֜ון'
9:5	29	dem				expands	supplied-article-deu	safe	0.7345	approved	0				article the original does not write, read as one by UDPipe's German-HDT model (Straka and Straková, ÚFAL, CC BY-NC-SA 4.0); rests on 'König' → 'מֶ֨לֶךְ֙'
9:6	9	der				expands	supplied-article-deu	safe	0.55	approved	0				article the original does not write, read as one by UDPipe's German-HDT model (Straka and Straková, ÚFAL, CC BY-NC-SA 4.0); rests on 'Pracht' → 'גְּאֹ֥ון'
9:7	33	die				expands	supplied-article-deu	safe	0.8	approved	0				article the original does not write, read as one by UDPipe's German-HDT model (Straka and Straková, ÚFAL, CC BY-NC-SA 4.0); rests on 'Jebusiter' → 'יבוּסִֽי'
9:9	19	ein				expands	supplied-indefinite-article-deu	safe	0.7156	approved	0				indefinite article, read as one by UDPipe's German-HDT model (Straka and Straková, ÚFAL, CC BY-NC-SA 4.0); rests on 'Gerechter' → 'צַדִּ֥יק'
9:9	28	einem				expands	supplied-indefinite-article-deu	safe	0.778	approved	0				indefinite article, read as one by UDPipe's German-HDT model (Straka and Straková, ÚFAL, CC BY-NC-SA 4.0); rests on 'Esel' → 'חֲמֹ֔ור'
9:9	35	der				expands	supplied-article-deu	safe	0.8	approved	0				article the original does not write, read as one by UDPipe's German-HDT model (Straka and Straková, ÚFAL, CC BY-NC-SA 4.0); rests on 'Eselin' → 'אֲתֹנֹֽות'
9:10	4	die				expands	supplied-article-deu	safe	0.6326	approved	0				article the original does not write, read as one by UDPipe's German-HDT model (Straka and Straková, ÚFAL, CC BY-NC-SA 4.0); rests on 'Wagen' → 'רֶ֣כֶב'
9:10	10	die				expands	supplied-article-deu	safe	0.7868	approved	0				article the original does not write, read as one by UDPipe's German-HDT model (Straka and Straková, ÚFAL, CC BY-NC-SA 4.0); rests on 'Rosse' → 'סוּס֙'
9:10	34	einem				expands	supplied-indefinite-article-deu	safe	0.7707	approved	0				indefinite article, read as one by UDPipe's German-HDT model (Straka and Straková, ÚFAL, CC BY-NC-SA 4.0); rests on 'Meer' → 'יָּ֣ם'
9:10	44	der				expands	supplied-article-deu	safe	0.7044	approved	0				article the original does not write, read as one by UDPipe's German-HDT model (Straka and Straková, ÚFAL, CC BY-NC-SA 4.0); rests on 'Welt' → 'אָֽרֶץ'
9:11	12	der				expands	supplied-article-deu	safe	0.5928	approved	0				article the original does not write, read as one by UDPipe's German-HDT model (Straka and Straková, ÚFAL, CC BY-NC-SA 4.0); rests on 'Grube' → 'בֹּ֔ור'
9:13	27	einem				expands	supplied-indefinite-article-deu	safe	0.7935	approved	0				indefinite article, read as one by UDPipe's German-HDT model (Straka and Straková, ÚFAL, CC BY-NC-SA 4.0); rests on 'Schwert' → 'חֶ֥רֶב'
9:14	2	der				expands	supplied-article-deu	safe	0.7102	approved	0				article the original does not write, read as one by UDPipe's German-HDT model (Straka and Straková, ÚFAL, CC BY-NC-SA 4.0); rests on 'HERR' → 'יהוָה֙'
9:15	1	Der				expands	supplied-article-deu	safe	0.7102	approved	0				article the original does not write, read as one by UDPipe's German-HDT model (Straka and Straková, ÚFAL, CC BY-NC-SA 4.0); rests on 'HERR' → 'יְהוָ֣ה'
9:15	36	des				expands	supplied-article-deu	safe	0.8	approved	0				article the original does not write, read as one by UDPipe's German-HDT model (Straka and Straková, ÚFAL, CC BY-NC-SA 4.0); rests on 'Altars' → 'מִזְבֵּֽחַ'
9:16	2	der				expands	supplied-article-deu	safe	0.7102	approved	0				article the original does not write, read as one by UDPipe's German-HDT model (Straka and Straková, ÚFAL, CC BY-NC-SA 4.0); rests on 'HERR' → 'יְהוָ֧ה'
9:16	13	der				expands	supplied-article-deu	safe	0.6535	approved	0				article the original does not write, read as one by UDPipe's German-HDT model (Straka and Straková, ÚFAL, CC BY-NC-SA 4.0); rests on 'Herde' → 'צֹ֣אן'
10:1	9	der				expands	supplied-article-deu	safe	0.71	approved	0				article the original does not write, read as one by UDPipe's German-HDT model (Straka and Straková, ÚFAL, CC BY-NC-SA 4.0); rests on 'HERR' → 'יְהוָ֖ה'
10:2	29	eine				expands	supplied-indefinite-article-deu	safe	0.6571	approved	0				indefinite article, read as one by UDPipe's German-HDT model (Straka and Straková, ÚFAL, CC BY-NC-SA 4.0); rests on 'Herde' → 'צֹ֔אן'
10:3	15	der				expands	supplied-article-deu	safe	0.71	approved	0				article the original does not write, read as one by UDPipe's German-HDT model (Straka and Straková, ÚFAL, CC BY-NC-SA 4.0); rests on 'HERR' → 'יְהוָ֨ה'
10:3	22	das				expands	supplied-article-deu	safe	0.7858	approved	0				article the original does not write, read as one by UDPipe's German-HDT model (Straka and Straková, ÚFAL, CC BY-NC-SA 4.0); rests on 'Haus' → 'בֵּ֣ית'
10:3	30	ein				expands	supplied-indefinite-article-deu	safe	0.8	approved	0				indefinite article, read as one by UDPipe's German-HDT model (Straka and Straková, ÚFAL, CC BY-NC-SA 4.0); rests on 'Roß' → 'ס֥וּס'
10:4	1	Die				expands	supplied-article-deu	safe	0.62	approved	0				article the original does not write, read as one by UDPipe's German-HDT model (Straka and Straková, ÚFAL, CC BY-NC-SA 4.0); rests on 'Ecksteine' → 'פִנָּה֙'
10:5	21	der				expands	supplied-article-deu	safe	0.71	approved	0				article the original does not write, read as one by UDPipe's German-HDT model (Straka and Straková, ÚFAL, CC BY-NC-SA 4.0); rests on 'HERR' → 'יְהוָ֖ה'
10:6	4	das				expands	supplied-article-deu	safe	0.7858	approved	0				article the original does not write, read as one by UDPipe's German-HDT model (Straka and Straková, ÚFAL, CC BY-NC-SA 4.0); rests on 'Haus' → 'בֵּ֣ית'
10:6	9	das				expands	supplied-article-deu	safe	0.7858	approved	0				article the original does not write, read as one by UDPipe's German-HDT model (Straka and Straková, ÚFAL, CC BY-NC-SA 4.0); rests on 'Haus' → 'בֵּ֤ית'
10:6	38	der				expands	supplied-article-deu	safe	0.71	approved	0				article the original does not write, read as one by UDPipe's German-HDT model (Straka and Straková, ÚFAL, CC BY-NC-SA 4.0); rests on 'HERR' → 'יְהוָ֥ה'
10:11	10	die				expands	supplied-article-deu	safe	0.6875	approved	0				article the original does not write, read as one by UDPipe's German-HDT model (Straka and Straková, ÚFAL, CC BY-NC-SA 4.0); rests on 'Wellen' → 'גַּלִּ֔ים'
10:11	27	die				expands	supplied-article-deu	safe	0.55	approved	0				article the original does not write, read as one by UDPipe's German-HDT model (Straka and Straková, ÚFAL, CC BY-NC-SA 4.0); rests on 'Pracht' → 'גְּאֹ֣ון'
10:11	32	das				expands	supplied-article-deu	safe	0.575	approved	0				article the original does not write, read as one by UDPipe's German-HDT model (Straka and Straková, ÚFAL, CC BY-NC-SA 4.0); rests on 'Zepter' → 'שֵׁ֥בֶט'
10:12	6	dem				expands	supplied-article-deu	safe	0.7644	approved	0				article the original does not write, read as one by UDPipe's German-HDT model (Straka and Straková, ÚFAL, CC BY-NC-SA 4.0); rests on 'HERRN' → 'יהוָ֔ה'
10:12	16	der				expands	supplied-article-deu	safe	0.71	approved	0				article the original does not write, read as one by UDPipe's German-HDT model (Straka and Straková, ÚFAL, CC BY-NC-SA 4.0); rests on 'HERR' → 'יְהוָֽה'
11:1	7	das				expands	supplied-article-deu	safe	0.7483	approved	0				article the original does not write, read as one by UDPipe's German-HDT model (Straka and Straková, ÚFAL, CC BY-NC-SA 4.0); rests on 'Feuer' → 'אֵ֖שׁ'
11:2	5	die				expands	supplied-article-deu	safe	0.7864	approved	0				article the original does not write, read as one by UDPipe's German-HDT model (Straka and Straková, ÚFAL, CC BY-NC-SA 4.0); rests on 'Zedern' → 'אֶ֔רֶז'
11:2	19	der				expands	supplied-article-deu	safe	0.782	approved	0				article the original does not write, read as one by UDPipe's German-HDT model (Straka and Straková, ÚFAL, CC BY-NC-SA 4.0); rests on 'Wald' → 'יַ֥עַר'
11:3	18	die				expands	supplied-article-deu	safe	0.55	approved	0				article the original does not write, read as one by UDPipe's German-HDT model (Straka and Straková, ÚFAL, CC BY-NC-SA 4.0); rests on 'Pracht' → 'גְּאֹ֥ון'
11:4	3	der				expands	supplied-article-deu	safe	0.71	approved	0				article the original does not write, read as one by UDPipe's German-HDT model (Straka and Straková, ÚFAL, CC BY-NC-SA 4.0); rests on 'HERR' → 'יְהוָ֣ה'
11:5	17	der				expands	supplied-article-deu	safe	0.71	approved	0				article the original does not write, read as one by UDPipe's German-HDT model (Straka and Straková, ÚFAL, CC BY-NC-SA 4.0); rests on 'HERR' → 'יְהוָ֖ה'
11:6	8	der				expands	supplied-article-deu	safe	0.7843	approved	0				article the original does not write, read as one by UDPipe's German-HDT model (Straka and Straková, ÚFAL, CC BY-NC-SA 4.0); rests on 'Einwohner' → 'יֹשְׁבֵ֥י'
11:6	13	der				expands	supplied-article-deu	safe	0.71	approved	0				article the original does not write, read as one by UDPipe's German-HDT model (Straka and Straková, ÚFAL, CC BY-NC-SA 4.0); rests on 'HERR' → 'יְהוָ֑ה'
11:6	22	einen				expands	supplied-indefinite-article-deu	safe	0.6385	approved	0				indefinite article, read as one by UDPipe's German-HDT model (Straka and Straková, ÚFAL, CC BY-NC-SA 4.0); rests on 'jeglichen' → 'אִ֤ישׁ'
11:6	25	der				expands	supplied-article-deu	safe	0.7464	approved	0				article the original does not write, read as one by UDPipe's German-HDT model (Straka and Straková, ÚFAL, CC BY-NC-SA 4.0); rests on 'Hand' → 'יַד'
11:6	31	der				expands	supplied-article-deu	safe	0.7464	approved	0				article the original does not write, read as one by UDPipe's German-HDT model (Straka and Straková, ÚFAL, CC BY-NC-SA 4.0); rests on 'Hand' → 'יַ֣ד'
11:9	24	des				expands	supplied-article-deu	safe	0.782	approved	0				article the original does not write, read as one by UDPipe's German-HDT model (Straka and Straková, ÚFAL, CC BY-NC-SA 4.0); rests on 'Fleisch' → 'בְּשַׂ֥ר'
11:11	19	des				expands	supplied-article-deu	safe	0.7644	approved	0				article the original does not write, read as one by UDPipe's German-HDT model (Straka and Straková, ÚFAL, CC BY-NC-SA 4.0); rests on 'HERRN' → 'יְהוָ֖ה'
11:15	2	der				expands	supplied-article-deu	safe	0.71	approved	0				article the original does not write, read as one by UDPipe's German-HDT model (Straka and Straková, ÚFAL, CC BY-NC-SA 4.0); rests on 'HERR' → 'יְהוָ֖ה'
11:15	9	das				expands	supplied-article-deu	safe	0.7859	approved	0				article the original does not write, read as one by UDPipe's German-HDT model (Straka and Straková, ÚFAL, CC BY-NC-SA 4.0); rests on 'Gerät' → 'כְּלִ֖י'
11:17	8	Das				expands	supplied-article-deu	safe	0.7935	approved	0				article the original does not write, read as one by UDPipe's German-HDT model (Straka and Straková, ÚFAL, CC BY-NC-SA 4.0); rests on 'Schwert' → 'חֶ֥רֶב'
12:1	3	die				expands	supplied-article-deu	safe	0.7018	approved	0				article the original does not write, read as one by UDPipe's German-HDT model (Straka and Straková, ÚFAL, CC BY-NC-SA 4.0); rests on 'Last' → 'מַשָּׂ֥א'
12:1	5	des				expands	supplied-article-deu	safe	0.8	approved	0				article the original does not write, read as one by UDPipe's German-HDT model (Straka and Straková, ÚFAL, CC BY-NC-SA 4.0); rests on 'Wortes' → 'דְבַר'
12:1	12	der				expands	supplied-article-deu	safe	0.71	approved	0				article the original does not write, read as one by UDPipe's German-HDT model (Straka and Straková, ÚFAL, CC BY-NC-SA 4.0); rests on 'HERR' → 'יְהוָ֗ה'
12:1	15	den				expands	supplied-article-deu	safe	0.7641	approved	0				article the original does not write, read as one by UDPipe's German-HDT model (Straka and Straková, ÚFAL, CC BY-NC-SA 4.0); rests on 'Himmel' → 'שָׁמַ֨יִם֙'
12:1	19	die				expands	supplied-article-deu	safe	0.7203	approved	0				article the original does not write, read as one by UDPipe's German-HDT model (Straka and Straková, ÚFAL, CC BY-NC-SA 4.0); rests on 'Erde' → 'אָ֔רֶץ'
12:1	25	des				expands	supplied-article-deu	safe	0.711	approved	0				article the original does not write, read as one by UDPipe's German-HDT model (Straka and Straková, ÚFAL, CC BY-NC-SA 4.0); rests on 'Menschen' → 'אָדָ֖ם'
12:4	5	der				expands	supplied-article-deu	safe	0.71	approved	0				article the original does not write, read as one by UDPipe's German-HDT model (Straka and Straková, ÚFAL, CC BY-NC-SA 4.0); rests on 'HERR' → 'יְהוָ֗ה'
12:4	19	das				expands	supplied-article-deu	safe	0.7858	approved	0				article the original does not write, read as one by UDPipe's German-HDT model (Straka and Straková, ÚFAL, CC BY-NC-SA 4.0); rests on 'Haus' → 'בֵּ֤ית'
12:5	15	die				expands	supplied-article-deu	safe	0.695	approved	0				article the original does not write, read as one by UDPipe's German-HDT model (Straka and Straková, ÚFAL, CC BY-NC-SA 4.0); rests on 'Bürger' → 'יֹשְׁבֵ֣י'
12:5	21	dem				expands	supplied-article-deu	safe	0.7644	approved	0				article the original does not write, read as one by UDPipe's German-HDT model (Straka and Straková, ÚFAL, CC BY-NC-SA 4.0); rests on 'HERRN' → 'יהוָ֥ה'
12:6	6	die				expands	supplied-article-deu	safe	0.795	approved	0				article the original does not write, read as one by UDPipe's German-HDT model (Straka and Straková, ÚFAL, CC BY-NC-SA 4.0); rests on 'Juda's' → 'יְהוּדָ֜ה'
12:7	2	der				expands	supplied-article-deu	safe	0.71	approved	0				article the original does not write, read as one by UDPipe's German-HDT model (Straka and Straková, ÚFAL, CC BY-NC-SA 4.0); rests on 'HERR' → 'יְהוָ֛ה'
12:7	6	die				expands	supplied-article-deu	safe	0.783	approved	0				article the original does not write, read as one by UDPipe's German-HDT model (Straka and Straková, ÚFAL, CC BY-NC-SA 4.0); rests on 'Hütten' → 'אָהֳלֵ֥י'
12:7	16	das				expands	supplied-article-deu	safe	0.7858	approved	0				article the original does not write, read as one by UDPipe's German-HDT model (Straka and Straková, ÚFAL, CC BY-NC-SA 4.0); rests on 'Haus' → 'בֵּית'
12:7	20	die				expands	supplied-article-deu	safe	0.695	approved	0				article the original does not write, read as one by UDPipe's German-HDT model (Straka and Straková, ÚFAL, CC BY-NC-SA 4.0); rests on 'Bürger' → 'יֹשֵׁ֥ב'
12:8	5	der				expands	supplied-article-deu	safe	0.71	approved	0				article the original does not write, read as one by UDPipe's German-HDT model (Straka and Straková, ÚFAL, CC BY-NC-SA 4.0); rests on 'HERR' → 'יְהוָה֙'
12:8	8	die				expands	supplied-article-deu	safe	0.695	approved	0				article the original does not write, read as one by UDPipe's German-HDT model (Straka and Straková, ÚFAL, CC BY-NC-SA 4.0); rests on 'Bürger' → 'יֹושֵׁ֣ב'
12:8	31	das				expands	supplied-article-deu	safe	0.7858	approved	0				article the original does not write, read as one by UDPipe's German-HDT model (Straka and Straková, ÚFAL, CC BY-NC-SA 4.0); rests on 'Haus' → 'בֵ֤ית'
12:8	39	des				expands	supplied-article-deu	safe	0.7644	approved	0				article the original does not write, read as one by UDPipe's German-HDT model (Straka and Straková, ÚFAL, CC BY-NC-SA 4.0); rests on 'HERRN' → 'יְהוָ֖ה'
12:10	3	das				expands	supplied-article-deu	safe	0.7858	approved	0				article the original does not write, read as one by UDPipe's German-HDT model (Straka and Straková, ÚFAL, CC BY-NC-SA 4.0); rests on 'Haus' → 'בֵּ֨ית'
12:10	8	die				expands	supplied-article-deu	safe	0.695	approved	0				article the original does not write, read as one by UDPipe's German-HDT model (Straka and Straková, ÚFAL, CC BY-NC-SA 4.0); rests on 'Bürger' → 'יֹושֵׁ֣ב'
12:10	15	den				expands	supplied-article-deu	safe	0.757	approved	0				article the original does not write, read as one by UDPipe's German-HDT model (Straka and Straková, ÚFAL, CC BY-NC-SA 4.0); rests on 'Geist' → 'ר֤וּחַ'
12:12	6	ein				expands	supplied-indefinite-article-deu	safe	0.7003	approved	0				indefinite article, read as one by UDPipe's German-HDT model (Straka and Straková, ÚFAL, CC BY-NC-SA 4.0); rests on 'Geschlecht' → 'מִשְׁפָּחֹ֖ות'
12:12	10	das				expands	supplied-article-deu	safe	0.7003	approved	0				article the original does not write, read as one by UDPipe's German-HDT model (Straka and Straková, ÚFAL, CC BY-NC-SA 4.0); rests on 'Geschlecht' → 'מִשְׁפַּ֨חַת'
12:12	12	des				expands	supplied-article-deu	safe	0.7863	approved	0				article the original does not write, read as one by UDPipe's German-HDT model (Straka and Straková, ÚFAL, CC BY-NC-SA 4.0); rests on 'Hauses' → 'בֵּית'
12:12	20	das				expands	supplied-article-deu	safe	0.7003	approved	0				article the original does not write, read as one by UDPipe's German-HDT model (Straka and Straková, ÚFAL, CC BY-NC-SA 4.0); rests on 'Geschlecht' → 'מִשְׁפַּ֤חַת'
12:12	22	des				expands	supplied-article-deu	safe	0.7863	approved	0				article the original does not write, read as one by UDPipe's German-HDT model (Straka and Straková, ÚFAL, CC BY-NC-SA 4.0); rests on 'Hauses' → 'בֵּית'
12:13	1	das				expands	supplied-article-deu	safe	0.7003	approved	0				article the original does not write, read as one by UDPipe's German-HDT model (Straka and Straková, ÚFAL, CC BY-NC-SA 4.0); rests on 'Geschlecht' → 'מִשְׁפַּ֤חַת'
12:13	3	des				expands	supplied-article-deu	safe	0.7863	approved	0				article the original does not write, read as one by UDPipe's German-HDT model (Straka and Straková, ÚFAL, CC BY-NC-SA 4.0); rests on 'Hauses' → 'בֵּית'
13:1	5	das				expands	supplied-article-deu	safe	0.7859	approved	0				article the original does not write, read as one by UDPipe's German-HDT model (Straka and Straková, ÚFAL, CC BY-NC-SA 4.0); rests on 'Haus' → 'בֵ֥ית'
13:1	9	die				expands	supplied-article-deu	safe	0.7045	approved	0				article the original does not write, read as one by UDPipe's German-HDT model (Straka and Straková, ÚFAL, CC BY-NC-SA 4.0); rests on 'Bürger' → 'יֹשְׁבֵ֣י'
13:1	19	die				expands	supplied-article-deu	safe	0.5981	approved	0				article the original does not write, read as one by UDPipe's German-HDT model (Straka and Straková, ÚFAL, CC BY-NC-SA 4.0); rests on 'Sünde' → 'חַטַּ֖את'
13:2	5	der				expands	supplied-article-deu	safe	0.71	approved	0				article the original does not write, read as one by UDPipe's German-HDT model (Straka and Straková, ÚFAL, CC BY-NC-SA 4.0); rests on 'HERR' → 'יְהוָ֣ה'
13:2	10	der				expands	supplied-article-deu	safe	0.7897	approved	0				article the original does not write, read as one by UDPipe's German-HDT model (Straka and Straková, ÚFAL, CC BY-NC-SA 4.0); rests on 'Namen' → 'שְׁמֹ֤ות'
13:3	33	des				expands	supplied-article-deu	safe	0.7644	approved	0				article the original does not write, read as one by UDPipe's German-HDT model (Straka and Straková, ÚFAL, CC BY-NC-SA 4.0); rests on 'HERRN' → 'יְהוָ֑ה'
13:8	8	der				expands	supplied-article-deu	safe	0.71	approved	0				article the original does not write, read as one by UDPipe's German-HDT model (Straka and Straková, ÚFAL, CC BY-NC-SA 4.0); rests on 'HERR' → 'יְהוָ֔ה'
14:1	4	dem				expands	supplied-article-deu	safe	0.7643	approved	0				article the original does not write, read as one by UDPipe's German-HDT model (Straka and Straková, ÚFAL, CC BY-NC-SA 4.0); rests on 'HERRN' → 'יהוָ֑ה'
14:1	6	die				expands	supplied-article-deu	safe	0.6257	approved	0				article the original does not write, read as one by UDPipe's German-HDT model (Straka and Straková, ÚFAL, CC BY-NC-SA 4.0); rests on 'Zeit' → 'יֹֽום'
14:2	25	die				expands	supplied-article-deu	safe	0.6744	approved	0				article the original does not write, read as one by UDPipe's German-HDT model (Straka and Straková, ÚFAL, CC BY-NC-SA 4.0); rests on 'Hälfte' → 'חֲצִ֤י'
14:4	36	eine				expands	supplied-indefinite-article-deu	safe	0.6744	approved	0				indefinite article, read as one by UDPipe's German-HDT model (Straka and Straková, ÚFAL, CC BY-NC-SA 4.0); rests on 'Hälfte' → 'חֲצִ֥י'
14:5	15	den				expands	supplied-article-deu	safe	0.7493	approved	0				article the original does not write, read as one by UDPipe's German-HDT model (Straka and Straková, ÚFAL, CC BY-NC-SA 4.0); rests on 'Bergen' → 'הָרִים֮'
14:5	35	des				expands	supplied-article-deu	safe	0.7744	approved	0				article the original does not write, read as one by UDPipe's German-HDT model (Straka and Straková, ÚFAL, CC BY-NC-SA 4.0); rests on 'Königs' → 'מֶֽלֶךְ'
14:5	42	der				expands	supplied-article-deu	safe	0.7099	approved	0				article the original does not write, read as one by UDPipe's German-HDT model (Straka and Straková, ÚFAL, CC BY-NC-SA 4.0); rests on 'HERR' → 'יְהוָ֣ה'
14:7	7	dem				expands	supplied-article-deu	safe	0.7643	approved	0				article the original does not write, read as one by UDPipe's German-HDT model (Straka and Straková, ÚFAL, CC BY-NC-SA 4.0); rests on 'HERRN' → 'יהוָ֖ה'
14:8	10	die				expands	supplied-article-deu	safe	0.6744	approved	0				article the original does not write, read as one by UDPipe's German-HDT model (Straka and Straková, ÚFAL, CC BY-NC-SA 4.0); rests on 'Hälfte' → 'חֶצְיָ֗ם'
14:8	17	die				expands	supplied-article-deu	safe	0.6744	approved	0				article the original does not write, read as one by UDPipe's German-HDT model (Straka and Straková, ÚFAL, CC BY-NC-SA 4.0); rests on 'Hälfte' → 'חֶצְיָ֖ם'
14:9	2	der				expands	supplied-article-deu	safe	0.7099	approved	0				article the original does not write, read as one by UDPipe's German-HDT model (Straka and Straková, ÚFAL, CC BY-NC-SA 4.0); rests on 'HERR' → 'יְהוָ֛ה'
14:9	14	der				expands	supplied-article-deu	safe	0.7099	approved	0				article the original does not write, read as one by UDPipe's German-HDT model (Straka and Straková, ÚFAL, CC BY-NC-SA 4.0); rests on 'HERR' → 'יְהוָ֛ה'
14:10	38	den				expands	supplied-article-deu	safe	0.7199	approved	0				article the original does not write, read as one by UDPipe's German-HDT model (Straka and Straková, ÚFAL, CC BY-NC-SA 4.0); rests on 'Ort' → 'מְקֹ֞ום'
14:12	8	der				expands	supplied-article-deu	safe	0.7099	approved	0				article the original does not write, read as one by UDPipe's German-HDT model (Straka and Straková, ÚFAL, CC BY-NC-SA 4.0); rests on 'HERR' → 'יְהוָה֙'
14:13	5	der				expands	supplied-article-deu	safe	0.7099	approved	0				article the original does not write, read as one by UDPipe's German-HDT model (Straka and Straková, ÚFAL, CC BY-NC-SA 4.0); rests on 'HERR' → 'יְהוָ֛ה'
14:13	19	der				expands	supplied-article-deu	safe	0.7464	approved	0				article the original does not write, read as one by UDPipe's German-HDT model (Straka and Straková, ÚFAL, CC BY-NC-SA 4.0); rests on 'Hand' → 'יַ֣ד'
14:16	15	den				expands	supplied-article-deu	safe	0.7344	approved	0				article the original does not write, read as one by UDPipe's German-HDT model (Straka and Straková, ÚFAL, CC BY-NC-SA 4.0); rests on 'König' → 'מֶ֨לֶךְ֙'
14:16	17	den				expands	supplied-article-deu	safe	0.7643	approved	0				article the original does not write, read as one by UDPipe's German-HDT model (Straka and Straková, ÚFAL, CC BY-NC-SA 4.0); rests on 'HERRN' → 'יְהוָ֣ה'
14:17	12	den				expands	supplied-article-deu	safe	0.7344	approved	0				article the original does not write, read as one by UDPipe's German-HDT model (Straka and Straková, ÚFAL, CC BY-NC-SA 4.0); rests on 'König' → 'מֶ֖לֶךְ'
14:17	14	den				expands	supplied-article-deu	safe	0.7643	approved	0				article the original does not write, read as one by UDPipe's German-HDT model (Straka and Straková, ÚFAL, CC BY-NC-SA 4.0); rests on 'HERRN' → 'יְהוָ֣ה'
14:18	3	das				expands	supplied-article-deu	safe	0.7078	approved	0				article the original does not write, read as one by UDPipe's German-HDT model (Straka and Straková, ÚFAL, CC BY-NC-SA 4.0); rests on 'Geschlecht' → 'מִשְׁפַּ֨חַת'
14:18	5	der				expands	supplied-article-deu	safe	0.67	approved	0				article the original does not write, read as one by UDPipe's German-HDT model (Straka and Straková, ÚFAL, CC BY-NC-SA 4.0); rests on 'Ägypter' → 'מִצְרַ֧יִם'
14:18	24	der				expands	supplied-article-deu	safe	0.7099	approved	0				article the original does not write, read as one by UDPipe's German-HDT model (Straka and Straková, ÚFAL, CC BY-NC-SA 4.0); rests on 'HERR' → 'יְהוָה֙'
14:19	4	eine				expands	supplied-indefinite-article-deu	safe	0.5968	approved	0				indefinite article, read as one by UDPipe's German-HDT model (Straka and Straková, ÚFAL, CC BY-NC-SA 4.0); rests on 'Sünde' → 'חַטַּ֣את'
14:19	7	der				expands	supplied-article-deu	safe	0.67	approved	0				article the original does not write, read as one by UDPipe's German-HDT model (Straka and Straková, ÚFAL, CC BY-NC-SA 4.0); rests on 'Ägypter' → 'מִצְרָ֑יִם'
14:20	12	dem				expands	supplied-article-deu	safe	0.7643	approved	0				article the original does not write, read as one by UDPipe's German-HDT model (Straka and Straková, ÚFAL, CC BY-NC-SA 4.0); rests on 'HERRN' → 'יהוָ֑ה'
14:20	19	des				expands	supplied-article-deu	safe	0.7643	approved	0				article the original does not write, read as one by UDPipe's German-HDT model (Straka and Straková, ÚFAL, CC BY-NC-SA 4.0); rests on 'HERRN' → 'יְהוָ֔ה'
14:21	10	dem				expands	supplied-article-deu	safe	0.7643	approved	0				article the original does not write, read as one by UDPipe's German-HDT model (Straka and Straková, ÚFAL, CC BY-NC-SA 4.0); rests on 'HERRN' → 'יהוָ֣ה'
14:21	38	des				expands	supplied-article-deu	safe	0.7643	approved	0				article the original does not write, read as one by UDPipe's German-HDT model (Straka and Straková, ÚFAL, CC BY-NC-SA 4.0); rests on 'HERRN' → 'יְהוָ֥ה'
