israelites,people,Israelites,"the people descended from Jacob, whom the text also calls Israel"
reubenites,people,Reubenites,"the tribe descended from Reuben, Jacob's firstborn"
simeonites,people,Simeonites,"the tribe descended from Simeon, Jacob's second son"
levites,people,Levites,"the tribe descended from Levi, Jacob's third son, set apart to the sanctuary"
judahites,people,Judahites,"the tribe descended from Judah, Jacob's fourth son, and the people of the kingdom that kept his name"
danites,people,Danites,"the tribe descended from Dan, Jacob's fifth son"
naphtalites,people,Naphtalites,"the tribe descended from Naphtali, Jacob's sixth son"
gadites,people,Gadites,"the tribe descended from Gad, Jacob's seventh son"
asherites,people,Asherites,"the tribe descended from Asher, Jacob's eighth son"
issacharites,people,Issacharites,"the tribe descended from Issachar, Jacob's ninth son"
zebulonites,people,Zebulonites,"the tribe descended from Zebulun, Jacob's tenth son"
ephraimites,people,Ephraimites,"the tribe descended from Ephraim, Joseph's second son"
manassites,people,Manassites,"the tribe descended from Manasseh, Joseph's firstborn"
benjaminites,people,Benjaminites,"the tribe descended from Benjamin, Jacob's twelfth son"
reuben,person,Reuben,"firstborn son of Jacob (GEN 29:32), son of Leah"
naphtali,person,Naphtali,"sixth-born son of Jacob (GEN 30:7), son of Bilhah, Rachel's handmaid"
asher,person,Asher,"eighth-born son of Jacob (GEN 30:11, GEN 35:26), son of Zilpah, Leah's handmaid"
zebulun,person,Zebulun,"tenth-born son of Jacob (GEN 30:19), son of Leah"
ephraim,person,Ephraim,second son of Joseph (GEN 41:52)
jacob,person,Jacob,second-born son of Isaac (GEN 25:25-26)
simeon,person,Simeon,"second-born son of Jacob (GEN 29:33), son of Leah"
levi,person,Levi,"third-born son of Jacob (GEN 29:34), son of Leah"
judah,person,Judah,"fourth-born son of Jacob (GEN 29:35), son of Leah"
dan,person,Dan,"fifth-born son of Jacob (GEN 30:5), son of Bilhah, Rachel's handmaid"
gad,person,Gad,"seventh-born son of Jacob (GEN 30:11, GEN 35:26), son of Zilpah, Leah's handmaid"
issachar,person,Issachar,"ninth-born son of Jacob (GEN 30:17), son of Leah"
joseph,person,Joseph,eleventh-born son of Jacob and Rachel (GEN 30:24)
benjamin,person,Benjamin,twelfth-born son of Jacob and Rachel (GEN 35:18)
manasseh,person,Manasseh,firstborn son of Joseph (GEN 41:51)
