kind	number	mishneh_torah	title	verses	note
positive	1	1	To know that there is a God	EXO 20:2; DEU 5:6	
positive	2	2	To acknowledge His unity	DEU 6:4	
positive	3	3	To love Him	DEU 6:5	
positive	4	4	To fear Him	DEU 6:13; DEU 10:20	
positive	5	5	To pray to Him	EXO 23:25	
positive	6	6	To cleave to Him	DEU 10:20	
positive	7	7	To swear by His name	DEU 10:20	
positive	8	8	To imitate His good and upright ways	DEU 28:9	
positive	9	9	To hallow His name	LEV 22:32	
positive	10	10	To read the Shema twice daily	DEU 6:7	
positive	11	11	To learn Torah and to teach it	DEU 6:7	
positive	12	12	To bind the phylactery on the head	DEU 6:8	
positive	13	13	To bind the phylactery on the arm	DEU 6:8	
positive	14	14	To make fringes (Zizith)	NUM 15:38	
positive	15	15	To affix the Mezuzah	DEU 6:9	
positive	16	16	To assemble the people to hear the Torah, at the close of the seventh year	DEU 31:12	
positive	17	18	That the King shall write a scroll of the Torah for himself, besides the one which every individual should write, so that he shall possess two scrolls of the Torah	DEU 17:18	
positive	18	17	That every person shall write a scroll of the Torah for himself	DEU 31:19	
positive	19	19	To recite grace after meals	DEU 8:10	
positive	20	20	To build the Sanctuary	EXO 25:8	
positive	21	21	To revere the Sanctuary	LEV 19:30	
positive	22	22	To watch over this edifice continually	NUM 18:2	
positive	23	23	That the Levite shall serve in the Sanctuary	NUM 18:23	
positive	24	24	That the priest shall wash his hands and feet at the time of service	EXO 30:19	
positive	25	25	To kindle lights in the Sanctuary	EXO 27:21	
positive	26	26	That the priests shall bless Israel	NUM 6:23	
positive	27	27	To set the shew-bread and the frankincense before the Lord every Sabbath	EXO 25:30	
positive	28	28	To offer up incense twice daily	EXO 30:7	
positive	29	29	To keep fire always burning on the altar of the burnt-offering	LEV 6:13	Lev. 6:6 in the Hebrew numbering is LEV 6:13
positive	30	30	To remove the ashes from the altar	LEV 6:10	Lev. 6:3 in the Hebrew numbering is LEV 6:10
positive	31	31	To send the unclean out of the Camp of the Shechinah, that is, out of the Sanctuary	NUM 5:2	
positive	32	32	To show honour to a descendant of Aaron, and to give him precedence in all things that are holy	LEV 21:8	
positive	33	33	That the priests shall put on priestly vestments for the service	EXO 28:2	
positive	34	34	That, when the Ark is carried, it should be carried on the shoulder	NUM 7:9	
positive	35	35	To anoint high priests and kings with the oil of anointment	EXO 30:31	
positive	36	36	That the priests shall serve in the Sanctuary, in divisions, but on festivals, they all serve together	DEU 18:6-8	
positive	37	37	That the priests defile themselves for their deceased relatives, and mourn for them like other Israelites, who are commanded to mourn for their relatives	LEV 21:3	
positive	38	38	That the High Priest shall marry a virgin	LEV 21:13	
positive	39	39	To offer up the regular sacrifices daily	NUM 28:3	
positive	40	40	That the High Priest shall offer a meal-offering daily	LEV 6:20	Lev. 6:13 in the Hebrew numbering is LEV 6:20
positive	41	41	To offer up an additional sacrifice every Sabbath	NUM 28:9	
positive	42	42	To offer up an additional sacrifice every New Moon	NUM 28:11	
positive	43	43	To offer up an additional sacrifice on the Feast of Passover	LEV 23:36	
positive	44	44	To offer up the meal-offering of the Omer on the morrow after the first day of Passover, together with one lamb	LEV 23:10	
positive	45	45	To bring an additional offering on the Feast of Weeks	NUM 28:26-27	
positive	46	46	To bring on the Feast of Weeks loaves of bread together with the sacrifices which are then offered up in connection with the loaves	LEV 23:17-20	
positive	47	47	To offer up an additional sacrifice on the New Year	NUM 29:1-6	
positive	48	48	To offer up an additional sacrifice on the Day of the Fast (Day of Atonement)	NUM 29:7-8	
positive	49	49	To observe, on the Day of the Fast, the service appointed for that day	LEV 16:3-34	
positive	50	50	To offer up an additional sacrifice on the Feast of Tabernacles	NUM 29:12-34	
positive	51	51	To offer up an additional offering on the Eighth Day of Solemn Assembly, which is a feast by itself	NUM 29:35-38	
positive	52	52	To celebrate the feasts	EXO 23:14	
positive	53	53	To appear (in the Sanctuary) on the feast	DEU 16:16	
positive	54	54	To rejoice on the feasts	DEU 16:14	
positive	55	55	To slay the Paschal lamb	EXO 12:6	
positive	56	56	To eat the flesh of the Paschal sacrifice, on the night of the fifteenth of Nissan	EXO 12:8	
positive	57	57	To observe the second Passover	NUM 9:11	
positive	58	58	To eat the flesh of the Paschal lamb on it, with unleavened bread and bitter herbs	NUM 9:11	
positive	59	59	To sound the trumpets at the offering of sacrifices and in times of trouble	NUM 10:9-10	
positive	60	60	That sacrifices of cattle can only take place when they are at least eight days old	LEV 22:27	
positive	61	61	That every animal offered up shall be without blemish	LEV 22:21	
positive	62	62	That every sacrifice be salted	LEV 2:13	
positive	63	63	To observe the procedure of the burnt-offering	LEV 1:3	
positive	64	64	To observe the procedure of the sin-offering	LEV 6:25	Lev. 6:18 in the Hebrew numbering is LEV 6:25
positive	65	65	To observe the procedure of the trespass-offering	LEV 7:1	
positive	66	66	To observe the procedure, of the peace-offering	LEV 7:11	
positive	67	67	To observe the procedure of the meal-offering	LEV 2:1	
positive	68	68	That the Court of Judgment shall offer up a sacrifice, if they have erred in a judicial pronouncement	LEV 4:13	
positive	69	69	That an individual shall bring a sin-offering, if he has sinned in error by committing a transgression, the conscious violation of which is punished with excision	LEV 4:27	
positive	70	70	That an individual shall bring an offering, if he is in doubt as to whether he has committed a sin for which one has to bring a sin-offering	LEV 5:17-19	
positive	71	71	That an offering shall be brought by one who has in error committed a trespass against sacred things, or robbed, or lain carnally with a bond-maid betrothed to a man, or denied what was deposited with him and swore falsely to support his denial	LEV 5:15; LEV 6:2-7; LEV 19:20-21	ours: the list cites no verse; these are the three trespasses it names
positive	72	72	To offer a sacrifice of varying value in accordance with one’s means	LEV 5:7	
positive	73	73	To make confession, before the Lord, of any sin that one has committed, when bringing a sacrifice and at other times	NUM 5:7	
positive	74	74	That a man having an issue shall bring a sacrifice, after he is cleansed of his issue	LEV 15:13-15	
positive	75	75	That a woman having an issue shall bring a sacrifice, after she is cleansed of her issue	LEV 15:28-30	
positive	76	76	That a woman after childbirth, shall bring an offering when she is clean	LEV 12:6	
positive	77	77	That the leper shall bring a sacrifice, after he is cleansed	LEV 14:10	
positive	78	78	To tithe cattle	LEV 27:32	
positive	79	79	To sanctify the firstling of clean cattle and offer it up	DEU 15:19	
positive	80	80	To redeem the firstborn male	NUM 18:15	
positive	81	81	To redeem the firstling of an ass	EXO 13:13	
positive	82	82	To break the neck of such firstling if it be not redeemed	EXO 13:13	
positive	83	83	To bring all offerings, whether obligatory or freewill, on the first festival after these were incurred	DEU 12:5-6	
positive	84	84	To offer all sacrifices in the Sanctuary	DEU 12:14	
positive	85	85	To take trouble to bring sacrifices to the Sanctuary from places outside the land of Israel	DEU 12:26	
positive	86	86	To redeem cattle, set apart for sacrifices, that contracted disqualifying blemishes, after which they may be eaten by anyone	DEU 12:15	
positive	87	87	If a beast is exchanged for one that had been set apart as an offering, both become sacred	LEV 27:10	
positive	88	88	That the remainder of the meal-offerings shall be eaten	LEV 6:16	Lev. 6:9 in the Hebrew numbering is LEV 6:16
positive	89	89	That the flesh of a sin-offering and trespass-offering shall be eaten	EXO 29:33	
positive	90	90	To burn meat of the holy (sacrifice) that has become unclean	LEV 7:19	
positive	91	91	To burn meat of the holy (sacrifice) that has remained over	LEV 7:17	
positive	92	92	That the Nazarite shall permit his hair to grow	NUM 6:5	
positive	93	93	That the Nazarite shall shave his hair when he brings his offerings at the completion of the period of his Nazariteship, or within that period, if he has become defiled	NUM 6:9	
positive	94	94	That a man should fulfill whatever he has uttered, whether in regard to an offering or to charity, and so forth	DEU 23:23	Deut. 23:24 in the Hebrew numbering is DEU 23:23
positive	95	95	To decide in cases of annulment of vows, according to the rules set forth in the Torah	NUM 30:1-16	Num. 30:2-17 in the Hebrew numbering is NUM 30:1-16
positive	96	96	That anyone who touches the carcass of a beast that died of itself shall be unclean	LEV 11:39	
positive	97	97	That eight species of creeping things defile by contact	LEV 11:29-30	
positive	98	98	That foods become defiled (by contact with unclean things)	LEV 11:34	
positive	99	99	That a menstruating woman is unclean and defiles others	LEV 15:19-24	
positive	100	100	That a lying-in woman is unclean like a menstruating woman	LEV 12:2-5	
positive	101	101	That a leper is unclean and defiles	LEV 13:2-46	
positive	102	102	That a leprous garment is unclean and defiles	LEV 13:47-59	
positive	103	103	That a leprous house defiles	LEV 14:34-46	
positive	104	104	That a man, having a running issue, defiles	LEV 15:1-15	
positive	105	105	That the seed of copulation defiles	LEV 15:16	
positive	106	106	That a woman, having a running issue, defiles	LEV 15:25-27	
positive	107	107	That a corpse defiles	NUM 19:11-16	
positive	108	108	That the waters of separation defile one who is clean, and cleanse the unclean from pollution by a dead body	NUM 19:19-22	
positive	109	109	That purification from all kinds of defilement shall be effected by immersion in the waters of a Mikvah	LEV 15:16	
positive	110	110	That the procedure of cleansing leprosy, whether of a man or of a house, takes place with cedar-wood, hyssop, scarlet thread, two birds, and running water	LEV 14:1-7	
positive	111	111	That the leper shall shave all his hair	LEV 14:9	
positive	112	112	That the leper shall be universally recognised as such by the prescribed marks	LEV 13:45	
positive	113	113	To carry out the ordinance of the Red Heifer so that its ashes shall be always available	NUM 19:9	
positive	114	114	That one who vows to the Lord the monetary value of a person shall pay the amount appointed in the Scriptural portion	LEV 27:2-8	
positive	115	115	That one, who vows to the Lord the monetary value of an unclean beast, shall pay its value	LEV 27:11-13	
positive	116	116	That one, who vows the value of his house, shall pay according to the appraisal of the priest	LEV 27:14-15	
positive	117	117	That one who sanctifies to the Lord a portion of his field, shall pay according to the estimation appointed in the Scriptural portion	LEV 27:16-24	
positive	118	118	That he who, in error, makes unlawful use of sacred things, shall make restitution of the value of his trespass and add a fifth	LEV 5:16	
positive	119	119	That the fruit of fruit-bearing trees in the fourth year of their planting shall be sacred	LEV 19:24	
positive	120	120	To leave the harvest of the corner of the field or orchard for the poor	LEV 19:9	
positive	121	121	To leave the gleanings of the harvest for the poor	LEV 19:9	
positive	122	122	To leave the forgotten sheaves for the poor (Deut. 24: 19-20)	DEU 24:19-20	
positive	123	123	To leave for the poor, the gleanings of the vineyard	LEV 19:10; DEU 24:21	
positive	124	124	To leave for the poor, the single grapes of the vineyard	LEV 19:10	
positive	125	125	To bring the first-fruits to the Sanctuary	EXO 23:19	
positive	126	126	To set apart the great heave-offering for the priest	DEU 18:4	
positive	127	127	To set apart the tithe of the corn for the Levites	LEV 27:30	
positive	128	128	To set apart the second tithe to be eaten by its owner in Jerusalem	DEU 14:22	
positive	129	129	That the Levites shall set apart a tithe of the tithes, which they had received from the Israelites, and give it to the priests	NUM 18:26	
positive	130	130	To set apart in the third and sixth year the tithe for the poor, instead of the second tithe	DEU 14:28-29	
positive	131	131	To make the declaration, when bringing the second tithe to the Sanctuary	DEU 26:13-16	
positive	132	132	To read the portion prescribed on bringing the first fruits	DEU 26:5-10	
positive	133	133	To set apart a portion of the dough for the priest	NUM 15:20	
positive	134	134	To let the land lie fallow (in the Sabbatical year)	EXO 23:11	
positive	135	135	To cease from tilling the land (in that year)	EXO 34:21	
positive	136	136	To keep the Jubilee year holy by resting and letting the land lie fallow	LEV 25:10	
positive	137	137	To sound the Ram’s horn in the Sabbatical year	LEV 25:9	
positive	138	138	To grant redemption to the land in the Jubilee year	LEV 25:24	
positive	139	139	That houses sold within a walled city may be redeemed within a year	LEV 25:29	
positive	140	140	To count the years of the Jubilee by years and by cycles of seven years	LEV 25:8	
positive	141	141	To release debts in the seventh year	DEU 15:2	
positive	142	142	To exact the debt of an alien	DEU 15:3	
positive	143	143	To give to the priest the due portions of the carcass of cattle	DEU 18:3	
positive	144	144	To give the first of the fleece to the priest	DEU 18:4	
positive	145	145	To decide in regard to dedicated property as to which is sacred to the Lord, and which belongs to the priest	LEV 27:28	
positive	146	146	To slay, according to the ritual, cattle, deer, and fowl, and then their flesh may be eaten	DEU 12:21	
positive	147	147	To cover the blood of undomesticated animals (deer, etc.) and of fowl, that have been killed	LEV 17:13	
positive	148	148	To set the mother-bird free when taking the nest	DEU 22:6-7	
positive	149	149	To examine the marks in cattle	LEV 11:2	
positive	150	150	To examine the marks in fowl, so as to distinguish between the unclean and the clean	DEU 14:11	
positive	151	151	To examine the marks in locusts, so as to distinguish the clean from the unclean	LEV 11:21	
positive	152	152	To examine the marks in fishes	LEV 11:9	
positive	153	153	That the new month shall be solemnly proclaimed as holy, and the months and years shall be calculated by the Supreme Court only	EXO 12:2	
positive	154	154	To rest on the Sabbath	EXO 23:12; EXO 34:21	
positive	155	155	To hallow the Sabbath	EXO 20:8	
positive	156	156	To remove leaven (on the Eve of Passover)	EXO 12:15	
positive	157	157	To discourse concerning the departure from Egypt on the first night of the Feast of Passover	EXO 13:8	
positive	158	158	To eat unleavened bread on this night	EXO 12:18	
positive	159	159	To rest on the first day of Passover	EXO 12:16	
positive	160	160	To rest on the seventh day of that feast	EXO 12:16	
positive	161	161	To count forty-nine days from the time of cutting the Omer (first sheaves of the Barley Harvest)	LEV 23:15	
positive	162	162	To rest on the fiftieth day	LEV 23:21	
positive	163	163	To rest on the first day of the seventh month	LEV 23:24	
positive	164	164	To fast on the tenth day of that month	LEV 16:29	ours: the list prints Lev. 16:27; the words it quotes are verse 29
positive	165	165	To rest on the day of the Fast (Day of Atonement)	LEV 23:32	
positive	166	166	To rest on the first day of the Feast of Tabernacles	LEV 23:35	
positive	167	167	To rest on the eighth day of that feast	LEV 23:36	
positive	168	168	To dwell in booths seven days	LEV 23:42	
positive	169	169	To take on that feast a palm branch and the other three plants	LEV 23:40	
positive	170	170	To hear the sound of the ram’s horn on the New Year	NUM 29:1	
positive	171	171	To give half a shekel every year (to the Sanctuary for provision of the public sacrifices)	EXO 30:13	
positive	172	172	To heed the call of every prophet in each generation, provided that he neither adds to, nor takes away from the Torah	DEU 18:15	
positive	173	173	To appoint a king	DEU 17:15	
positive	174	174	To accept the rulings of every Supreme Court in Israel	DEU 17:11	
positive	175	175	To give the decision according to the majority, when there is a difference of opinion among the members of the Sanhedrin as to matters of law	EXO 23:2	
positive	176	176	To appoint judges and officers in every community of Israel	DEU 16:18	
positive	177	177	To treat parties in a litigation with equal impartiality	LEV 19:15	
positive	178	178	That one who possesses evidence shall testify in Court	LEV 5:1	
positive	179	179	To examine witnesses thoroughly	DEU 13:14	Deut. 13:15 in the Hebrew numbering is DEU 13:14
positive	180	180	To do unto false witnesses, as they had purposed to do (to the accused)	DEU 19:19	
positive	181	181	To decapitate the heifer in the manner prescribed	DEU 21:4	
positive	182	182	To establish six cities of refuge (for those who had committed accidental homicide)	DEU 19:3	
positive	183	183	To give the Levites cities to dwell in, these to serve also as cities of refuge	NUM 35:2	
positive	184	184	To make a parapet (for the roof)	DEU 22:8	
positive	185	185	To destroy idolatry and its appurtenances	DEU 12:2-3	
positive	186	186	To slay the inhabitants of a city that has become idolatrous and to burn that city	DEU 13:16-17	
positive	187	187	To exterminate the seven Canaanite nations from the land of Israel	DEU 20:17	
positive	188	188	To destroy the seed of Amalek	DEU 25:19	
positive	189	189	Always to keep in remembrance what Amalek did	DEU 25:17	
positive	190	190	In a permissive war, to observe the procedure prescribed in the Torah	DEU 20:10	
positive	191	191	To anoint a special priest (to address the soldiers) in a war	DEU 20:2	
positive	192	192	To have a place outside the camp for sanitary purposes	DEU 23:12	Deut. 23:13 in the Hebrew numbering is DEU 23:12
positive	193	193	To keep that place sanitary	DEU 23:13-14	Deut. 23:14-15 in the Hebrew numbering is DEU 23:13-14
positive	194	194	To restore that which one took by robbery	LEV 6:4	Lev. 5:23 in the Hebrew numbering is LEV 6:4
positive	195	195	To give alms	DEU 15:11	
positive	196	196	To bestow liberal gifts upon the Hebrew bondman (at the end of his term of service)	DEU 15:14	
positive	197	197	To lend to a poor person	EXO 22:25; DEU 15:8	Exod. 22:24 in the Hebrew numbering is EXO 22:25
positive	198	198	To lend to an alien at interest	DEU 23:20	Deut. 23:21 in the Hebrew numbering is DEU 23:20
positive	199	199	To return a pledge to its owner	DEU 24:13	
positive	200	200	To pay wages to the hired man at the due time	DEU 24:15	
positive	201	201	That the hired labourer shall be permitted to eat (of the produce which he is reaping)	DEU 23:24-25	Deut. 23:25-26 in the Hebrew numbering is DEU 23:24-25
positive	202	202	To relieve a neighbour of his burden and help to unload his beast	EXO 23:5	
positive	203	203	To assist in replacing the load upon a neighbour’s beast	DEU 22:4	
positive	204	204	To restore lost property	DEU 22:1	
positive	205	205	To rebuke the sinner	LEV 19:17	
positive	206	206	To love all human beings, who are of the covenant	LEV 19:18	
positive	207	207	To love the stranger	DEU 10:19	
positive	208	208	To ensure that scales and weights are correct	LEV 19:36	
positive	209	209	To honour the wise	LEV 19:32	
positive	210	210	To honour father and mother	EXO 20:12	
positive	211	211	To revere father and mother	LEV 19:3	
positive	212	212	To propagate the human race	GEN 1:28	
positive	213	213	To take a wife by the sacrament of marriage	DEU 24:1	
positive	214	214	That the newly married husband shall (be free) for one year to rejoice with his wife	DEU 24:5	
positive	215	215	To circumcise the male offspring	LEV 12:3	
positive	216	216	To marry the widow of a brother who has died childless	DEU 25:5	
positive	217	217	That the widow formally release the brother-in-law, (in case he refuses to marry her)	DEU 25:8-9	
positive	218	218	That the violator (of an unbetrothed virgin) shall marry her	DEU 22:28-29	
positive	219	219	That one who defames his wife’s honour (by false charges of inchastity before marriage) must live with her all his lifetime	DEU 22:19	
positive	220	220	To impose a penalty of fifty shekels upon the seducer (of an unbetrothed virgin) and enforce the other rules in connection with the case	EXO 22:16-17	Exod. 22:15-16 in the Hebrew numbering is EXO 22:16-17
positive	221	221	To deal with a beautiful woman taken captive in war, in the manner prescribed in the Torah	DEU 21:10-14	
positive	222	222	To divorce by a formal written document	DEU 24:1	
positive	223	223	That the woman suspected of adultery be dealt with as prescribed in the Torah	NUM 5:30	
positive	224	224	To punish the wicked by the infliction of stripes	DEU 25:2	
positive	225	225	To exile one who committed accidental homicide	NUM 35:25	
positive	226	226	That the Court shall pass sentence of death by decapitation with the sword	EXO 21:20	
positive	227	227	That the Court shall pass sentence of death by strangulation	LEV 20:10	
positive	228	228	That the Court shall pass sentence of death by burning with fire	LEV 20:14	
positive	229	229	That the Court shall pass sentence of death by stoning	DEU 22:24	
positive	230	230	To hang the dead body of one who has incurred that penalty	DEU 21:22	
positive	231	231	To inter the executed on the day of execution	DEU 21:23	
positive	232	232	To deal judicially with the Hebrew bondman, in accordance with the laws appertaining to him	EXO 21:2-6	
positive	233	233	To espouse a Hebrew maid-servant	EXO 21:8-9	
positive	234	234	To redeem her	EXO 21:8	
positive	235	235	To keep the Canaanite slave forever	LEV 25:46	
positive	236	236	That he who inflicts a bodily injury shall pay monetary compensation	EXO 21:18-19	
positive	237	237	To judge cases of injuries caused by beasts	EXO 21:35-36	
positive	238	238	To judge cases of damage caused by an uncovered pit	EXO 21:33-34	
positive	239	239	To adjudge a thief to pay compensation, or (in certain cases) suffer death	EXO 22:1; EXO 22:2; EXO 21:16	Exod. 21:37 in the Hebrew numbering is EXO 22:1; Exod. 22:1 in the Hebrew numbering is EXO 22:2
positive	240	240	To adjudicate cases of damage caused by trespass of cattle	EXO 22:5	Exod. 22:4 in the Hebrew numbering is EXO 22:5
positive	241	241	To adjudicate cases of damage caused by fire	EXO 22:6	Exod. 22:5 in the Hebrew numbering is EXO 22:6
positive	242	242	To adjudicate cases of damage by a gratuitous depositary	EXO 22:6-7	
positive	243	243	To judge cases of liability of a paid depositary	EXO 22:10	Exod. 22:9 in the Hebrew numbering is EXO 22:10
positive	244	244	To adjudicate cases of loss for which a gratuitous borrower is liable	EXO 22:13-14	
positive	245	245	To adjudicate cases of purchase and sale	LEV 25:14	
positive	246	246	To adjudicate other cases between a plaintiff and a defendant	EXO 22:9	Exod. 22:8 in the Hebrew numbering is EXO 22:9
positive	247	247	To save the pursued even at the cost of the life of the pursuer	DEU 25:12	
positive	248	248	To adjudicate cases of inheritances	NUM 27:8-11	
negative	1	1	Not to entertain the idea that there is any god but the Eternal	EXO 20:3	
negative	2	2	Not to make a graven image; neither to make it oneself not to have it made by others	EXO 20:4	
negative	3	3	Not to make idols even for others	EXO 34:17	
negative	4	4	Not to make any figures for ornament, even if they are not worshipped	EXO 20:23	
negative	5	5	Not to bow down to an idol, even if that be not its mode of worship	EXO 20:5	
negative	6	6	Not to worship an idol in the way in which it is usually worshipped	EXO 20:5	
negative	7	7	Not to pass (a child through the fire) to Molech	LEV 18:21	
negative	8	8	Not to consult ghosts	LEV 19:31	
negative	9	9	Not to resort to familiar spirits	LEV 19:31	
negative	10	10	Not to turn to idolatry	LEV 19:4	
negative	11	11	Not to set up a pillar (for worship)	DEU 16:22	
negative	12	12	Not to lay down a figured stone for worship	LEV 26:1	
negative	13	13	Not to plant a tree in the Sanctuary	DEU 16:21	
negative	14	14	Not to swear by an idol, to its worshipers, nor cause them to swear by it	EXO 23:13	
negative	15	15	Not to lead the children of Israel astray to idolatry	EXO 23:13	
negative	16	16	Not to entice an Israelite to idolatry	DEU 13:12	
negative	17	17	Not to love the enticer to idolatry	DEU 13:8	Deut. 13:9 in the Hebrew numbering is DEU 13:8
negative	18	18	Not to give up hating the enticer	DEU 13:8	Deut. 13:9 in the Hebrew numbering is DEU 13:8
negative	19	19	Not to save the enticer from capital punishment, but to stand by at his execution	DEU 13:8	Deut. 13:9 in the Hebrew numbering is DEU 13:8
negative	20	20	A person whom he attempted to entice to idolatry shall not urge pleas for the acquittal of the enticer	DEU 13:8	Deut. 13:9 in the Hebrew numbering is DEU 13:8
negative	21	21	A person whom he attempted to entice shall not refrain from giving evidence of the enticer’s guilt, if he has such evidence	DEU 13:8	Deut. 13:9 in the Hebrew numbering is DEU 13:8
negative	22	22	Not to use the ornament (cover) of any object of idolatrous worship	DEU 7:25	
negative	23	23	Not to rebuild a city that has been led astray to idolatry	DEU 13:16	Deut. 13:17 in the Hebrew numbering is DEU 13:16
negative	24	24	Not to make use of the property of a city that has been so led astray	DEU 13:17	Deut. 13:18 in the Hebrew numbering is DEU 13:17
negative	25	25	Not to make use of an idol, or its accessory objects, or its offerings, or its libations	DEU 7:26	
negative	26	26	Not to prophesy in its name	DEU 18:20	
negative	27	27	Not to prophesy falsely	DEU 18:20	
negative	28	28	Not to hearken to one who prophesies in the name of an idol	DEU 13:3	Deut. 13:4 in the Hebrew numbering is DEU 13:3
negative	29	29	Not to refrain from putting a false prophet to death, nor be in fear of him	DEU 18:22	
negative	30	30	Not to adopt the institutions of idolaters nor their customs	LEV 20:23	
negative	31	31	Not to practice divination	DEU 18:10	
negative	32	32	Not to observe times (as favourable or the reverse)	LEV 19:26	
negative	33	33	Not to practise enchantments	LEV 19:26	
negative	34	34	Not to practise witchcraft	DEU 18:10	
negative	35	35	Not to practise the art of the charmer	DEU 18:11	
negative	36	36	Not to consult ghosts	DEU 18:11	
negative	37	37	Not to consult a familar spirit	DEU 18:11	
negative	38	38	Not to enquire of the dead in a dream (necromancy)	DEU 18:11	
negative	39	39	That a woman shall not wear the attire of a man	DEU 22:5	
negative	40	40	That a man shall not wear the attire of a woman	DEU 22:5	
negative	41	41	Not to tatoo the body, like the idolaters	LEV 19:28	
negative	42	42	Not to wear garments made of wool and linen, such as the idolatrous priests wear	DEU 22:11	
negative	43	43	Not to round the corners of the head, as the idolatrous priests do	LEV 19:27	
negative	44	44	Not to remove the entire beard, like the idolaters	LEV 19:27	
negative	45	45	Not to cut oneself, like the idolaters	DEU 14:1; LEV 19:28	
negative	46	46	Never to settle in the land of Egypt	DEU 17:16	
negative	47	47	Not to indulge in wayward thoughts and wanton sights	NUM 15:39	
negative	48	48	Not to make a covenant with the seven (Canaanite, idolatrous) nations	EXO 23:32; DEU 7:2	
negative	49	49	Not to keep alive any individual of these seven nations	DEU 20:16	
negative	50	50	Not to show favour to idolaters	DEU 7:2	
negative	51	51	Not to settle idolaters in our l	EXO 23:33	
negative	52	52	Not to intermarry with idolaters	DEU 7:3	
negative	53	53	That an Ammonite or Moabite shall never marry the daughter of an Israelite	DEU 23:3	Deut. 23:4 in the Hebrew numbering is DEU 23:3
negative	54	54	Not to exclude a descendant of Esau from the community of Israel for three generations	DEU 23:7-8	Deut. 23:8-9 in the Hebrew numbering is DEU 23:7-8
negative	55	55	Not to exclude an Egyptian from the community of Israel for three generations	DEU 23:7-8	Deut. 23:8-9 in the Hebrew numbering is DEU 23:7-8
negative	56	56	Not to offer peace to the Ammonites and Moabites before waging war on them, as should be done to other nations	DEU 23:6	Deut. 23:7 in the Hebrew numbering is DEU 23:6
negative	57	57	Not to destroy fruit-trees (wantonly or in warfare), nor may anything else be (wantonly) destroyed	DEU 20:19-20	
negative	58	58	That those engaged in warfare shall not fear their enemies nor be panic-stricken by them during the battle	DEU 3:22; DEU 7:21; DEU 20:3	
negative	59	59	That the evil done to us by Amalek shall not depart from our minds	DEU 25:19	
negative	60	60	Not to blaspheme	EXO 22:28; LEV 24:16	Exod. 22:27 in the Hebrew numbering is EXO 22:28
negative	61	61	Not to violate an oath (even when it only accompanies the statement of what one intends to do)	LEV 19:12	
negative	62	62	Not to swear needlessly	EXO 20:7	
negative	63	63	Not to profane the name of the Holy One, blessed be He	LEV 22:32	
negative	64	64	Not to put the word of God to the test	DEU 6:16	
negative	65	65	Not to destroy aught of the Sanctuary, of synagogues, or of houses of study, nor erase the holy names (of God); nor may sacred scriptures be destroyed	DEU 12:2-4	
negative	66	66	That the dead body of an executed criminal shall not remain hanging on the tree over night	DEU 21:23	
negative	67	67	Not to allow the Sanctuary to remain unwatched	NUM 18:5	
negative	68	68	That the priest shall not enter the Sanctuary at all times	LEV 16:2	
negative	69	69	That a person with a physical blemish shall not enter the Sanctuary further than the altar	LEV 21:23	
negative	70	70	That a person with a physical blemish shall not serve (in the Sanctuary)	LEV 21:17	
negative	71	71	That a priest, with a temporary blemish, shall not serve there	LEV 21:21	
negative	72	72	That the Levites shall not occupy themselves with the service that belongs to the priests, nor the priests, with that belonging to the Levites	NUM 18:3	
negative	73	73	That an intoxicated person shall not enter the Sanctuary, nor give decisions in matters of the Law	LEV 10:9-11	
negative	74	74	That one, not a descendant of Aaron in the male line, shall not serve (in the Sanctuary)	NUM 18:4-7	
negative	75	75	That a priest who is unclean shall not serve (in the Sanctuary)	LEV 22:2-3	
negative	76	76	That a priest who had had an immersion during the day (to cleanse him from his uncleanness) shall not serve in the Sanctuary till after sunset	LEV 21:6	
negative	77	77	That a priest who is unclean shall not enter the courtyard (of the Sanctuary)	NUM 5:2-3	
negative	78	78	That anyone who is unclean shall not enter the Camp of the Levites, and corresponding to it, in subsequent generations was the Temple mount	DEU 23:10	Deut. 23:11 in the Hebrew numbering is DEU 23:10
negative	79	79	Not to build an altar of hewn stone	EXO 20:25	
negative	80	80	Not to mount the altar by steps	EXO 20:26	
negative	81	81	Not to extinguish the fire on the altar	LEV 6:13	Lev. 6:6 in the Hebrew numbering is LEV 6:13
negative	82	82	Not to offer (strange) incense nor any sacrifice upon the golden altar	EXO 30:9	
negative	83	83	Not to compound oil (for lay use) after the formula of the anointing oil	EXO 30:32	ours: the list prints Ex. 30:23-24; the words it quotes are verse 32
negative	84	84	Not to anoint a stranger with the anointing oil	EXO 30:32	
negative	85	85	Not to compound aught after the formula of the incense	EXO 30:37	
negative	86	86	Not to remove the staves from the Ark	EXO 25:15	
negative	87	87	That the breastplate shall not be loosened from the ephod	EXO 28:28	
negative	88	88	Not to tear the High Priest’s robe	EXO 28:32	
negative	89	89	Not to offer up sacrifices outside (the Sanctuary)	DEU 12:13	
negative	90	90	Not to slaughter beasts set apart for sacrifices outside (the Sanctuary)	LEV 17:3-4	
negative	91	91	Not to sanctify blemished cattle for sacrifice on the altar	LEV 22:20	
negative	92	92	Not to slaughter blemished cattle as sacrifices	LEV 22:22	
negative	93	93	Not to sprinkle the blood of blemished cattle upon the altar	LEV 22:24	
negative	94	94	Not to burn the limbs of blemished cattle upon the altar	LEV 22:22	
negative	95	95	Not to offer up a beast that has a temporary blemish	DEU 17:1	
negative	96	96	Not to offer up a blemished beast that comes from non-Israelites	LEV 22:25	
negative	97	97	Not to inflict a blemish on cattle set apart for sacrifice	LEV 22:21	
negative	98	98	Not to offer up leaven or honey	LEV 2:11	
negative	99	99	Not to offer up any offering unsalted	LEV 2:13	
negative	100	100	Not to bring sacrifices out of the hire of a harlot, or price of a dog	DEU 23:18	Deut. 23:19 in the Hebrew numbering is DEU 23:18
negative	101	101	Not to slaughter an animal and its young on the same day	LEV 22:28	
negative	102	102	Not to put olive oil in a sin-offering made of flour	LEV 5:11	
negative	103	103	Not to put frankincense on it	LEV 5:11	
negative	104	104	Not to put olive oil in the meal-offering of a woman suspected of adultery	NUM 5:15	
negative	105	105	Not to put frankincense on it	NUM 5:15	
negative	106	106	Not to exchange a beast set aside for sacrifice	LEV 27:10	
negative	107	107	Not to transfer a beast set apart for sacrifice from one class of sacrifices to another	LEV 27:26	
negative	108	108	Not to redeem the firstling of a clean beast	NUM 18:17	
negative	109	109	Not to sell the tithe of the herd	LEV 27:32-33	
negative	110	110	Not to sell a field devoted to the Lord	LEV 27:28	
negative	111	111	Not to redeem a field devoted to the Lord	LEV 27:28	
negative	112	112	Not to sever completely the head of a fowl, brought as a sin-offering	LEV 5:8	
negative	113	113	Not to do work with cattle set apart for sacrifice	DEU 15:19	
negative	114	114	Not to shear beasts set apart for sacrifice	DEU 15:19	
negative	115	115	Not to slaughter the Paschal lamb while there is leaven in the home	EXO 23:18; EXO 34:25	
negative	116	116	Not to leave the part of the Paschal lamb that should be burnt on the altar, till the morning, when it will be no longer fit to be burnt	EXO 23:18; EXO 34:25	
negative	117	117	Not to leave any portion of the flesh of the Paschal sacrifice till the morning unconsumed	EXO 12:10	
negative	118	118	Not to leave any portion of the festival offering, brought on the fourteenth day of Nissan, unto the third day	DEU 16:4	
negative	119	119	Not to leave any flesh of the Paschal lamb, brought on the second Passover, until the morning	NUM 9:12	
negative	120	120	Not to leave any flesh of the thanksgiving offering until the morning	LEV 22:30	
negative	121	121	Not to break a bone of the Pachal lamb	EXO 12:46	
negative	122	122	Not to break a bone of the Paschal lamb brought on the second Passover	NUM 9:12	
negative	123	123	Not to take any of the flesh of the Paschal lamb from the company’s place of assembly	EXO 12:46	
negative	124	124	Not to allow the remainder of the meal-offerings (eaten by the priests) to become leavened	LEV 6:17	Lev. 6:10 in the Hebrew numbering is LEV 6:17
negative	125	125	Not to eat the flesh of the Paschal lamb, raw or sodden	EXO 12:9	
negative	126	126	Not to give flesh of the Paschal lamb to a denizen, to eat thereof	EXO 12:45	
negative	127	127	That the uncircumcised shall not eat of the flesh of the Paschal lamb	EXO 12:48	
negative	128	128	Not to give of the flesh of the Paschal lamb to an Israelite who had become an apostate	EXO 12:43	
negative	129	129	That a person who is unclean shall not eat of things that are holy	LEV 7:20	
negative	130	130	Not to eat of holy things that have become unclean	LEV 7:19	
negative	131	131	Not to eat flesh of a sacrifice that has been left over (beyond the time appointed for its consumption)	LEV 19:8	
negative	132	132	Not to eat of sacrifices that are abhorrent (because it was intended to be eaten beyond the appointed time)	LEV 7:18	
negative	133	133	That a stranger (one who is not a priest, nor the wife of a priest, nor his unmarried daughter) shall not eat of the heave-offering	LEV 22:10	
negative	134	134	That even a sojourner with a priest (Hebrew bondman released in the Jubilee year), or his hired servant (Hebrew bondman released after six years of service) shall not eat of the heave-offering	LEV 22:10	
negative	135	135	That an uncircumcised person shall not eat of the heave-offering; and the same applies to other holy things	EXO 12:44-45; LEV 22:10	
negative	136	136	That a priest who is unclean shall not eat of the heave-offering	LEV 22:3-4	
negative	137	137	A priest’s daughter who profaned herself shall not eat of holy things, neither of the heave-offering, nor of the breast, nor of the shoulder (of peace-offerings)	LEV 22:12	ours: the list prints Lev. 10:14; the words it quotes are Lev. 22:12
negative	138	138	Not to eat of the meal-offering brought by the priests	LEV 6:23	Lev. 6:16 in the Hebrew numbering is LEV 6:23
negative	139	139	Not to eat of the flesh of sin-offerings, the blood of which is brought within the Sanctuary and sprinkled towards the Veil	LEV 6:30	Lev. 6:23 in the Hebrew numbering is LEV 6:30
negative	140	140	Not to eat the flesh of beasts set apart as sacrifices, that have been rendered unfit to be offered up by deliberately inflicted blemish	DEU 14:3	
negative	141	141	Not to eat the second tithe of cereals outside Jerusalem	DEU 12:17	
negative	142	142	Not to consume the second tithe of the vintage outside Jerusalem	DEU 12:17	
negative	143	143	Not to consume the second tithe of the oil outside Jerusalem	DEU 12:17	
negative	144	144	Not to eat of the unblemished firstling outside Jerusalem	DEU 12:17	
negative	145	145	That the priests shall not eat the flesh of the sin-offering or trespass-offering outside the Courtyard (of the Sanctuary); since the text	DEU 12:17	
negative	146	146	Not to eat the flesh of the burnt-offering	DEU 12:17	
negative	147	147	Not to eat of the flesh of the sacrifices that are holy in a minor degree, before the blood has been sprinkled (on the altar)	DEU 12:17	
negative	148	148	That one not of the seed of Aaron, shall not eat the flesh of the holy sacrifices	EXO 29:33	
negative	149	149	That the priest shall not eat the first-fruits before they are set down in the Courtyard (of the Sanctuary)	DEU 12:17	
negative	150	150	Not to eat the Second Tithe, even in Jerusalem, in a state of uncleanness, until the tithe had been redeemed	DEU 26:14	
negative	151	151	Not to eat the Second Tithe, when mourning	DEU 26:14	
negative	152	152	Not to expend the proceeds of the second tithe on anything but food and drink	DEU 26:14	
negative	153	153	Not to eat Tevel	LEV 22:15	
negative	154	154	Not to separate from the produce the heave-offerings (given to the priest), before the first-fruits, nor the first tithe before the heave-offering, nor the second tithe before the first tithe (Levites’ dues); but the separation should proceed in the due order; first-fruits at the beginning, then the great heave-offering, then the first tithe, and last the second tithe	EXO 22:29	Exod. 22:28 in the Hebrew numbering is EXO 22:29
negative	155	155	Not to delay bringing vowed or free-will offerings	DEU 23:21	Deut. 23:22 in the Hebrew numbering is DEU 23:21
negative	156	156	Not to go up to the Sanctuary for the festival without bringing an offering	EXO 23:15	
negative	157	157	Not to transgress in matters wherein one has assumed an obligation	NUM 30:2	Num. 30:3 in the Hebrew numbering is NUM 30:2
negative	158	158	That a priest shall not take a harlot in marriage	LEV 21:7	
negative	159	159	That a priest shall not take a profaned woman in marriage	LEV 21:7	
negative	160	160	That a priest shall not take a divorced woman in marriage	LEV 21:7	
negative	161	161	That the High Priest shall not take a widow in marriage	LEV 21:14	
negative	162	162	That the High Priest shall not cohabit with a widow, even without marriage, because he profanes her	LEV 21:15	
negative	163	163	That a priest shall not enter the Sanctuary with dishevelled hair	LEV 10:6	
negative	164	164	That a priest shall not enter the Sanctuary with torn garments	LEV 10:6	
negative	165	165	That the priest shall not leave the Courtyard of the Sanctuary, during service	LEV 10:7	
negative	166	166	That the ordinary priest shall not defile himself by contact with any dead, other than immediate relatives	LEV 21:1-3	
negative	167	167	That a High Priest shall not defile himself with any dead, even if they are relatives	LEV 21:11	
negative	168	168	That a High Priest shall not go (under the same roof) with a dead body	LEV 21:11	
negative	169	169	That none of the tribe of Levi shall take any portion of territory in the land (of Israel)	DEU 18:1	
negative	170	170	That none of the tribe of Levi shall take any share of the spoil (at the conquest of the Promised Land)	DEU 18:1	
negative	171	171	Not to make a bald spot for the dead	DEU 14:1	
negative	172	172	Not to eat the flesh of unclean beasts	LEV 11:4	
negative	173	173	Not to eat unclean fish	LEV 11:11	
negative	174	174	Not to eat unclean fowl	LEV 11:13	
negative	175	175	Not to eat of winged insects	DEU 14:19	
negative	176	176	Not to eat of things that creep upon the earth	LEV 11:41-42	
negative	177	177	Not to eat any vermin of the earth	LEV 11:44	
negative	178	178	Not to eat a worm found in fruit, after it has emerged	LEV 11:41	
negative	179	179	Not to eat things that swarm in the water	LEV 11:43	
negative	180	180	Not to eat the flesh of a beast that died of itself	DEU 14:21	
negative	181	181	Not to eat the flesh of a beast that is terefah (lit. torn)	EXO 22:31	Exod. 22:30 in the Hebrew numbering is EXO 22:31
negative	182	182	Not to eat a limb removed from a living beast	DEU 12:23	
negative	183	183	Not to eat the sinew of the thigh-vein which shrank	GEN 32:32	Gen. 32:33 in the Hebrew numbering is GEN 32:32
negative	184	184	Not to eat blood	LEV 7:26	
negative	185	185	Not to eat tallow-fat	LEV 7:23	
negative	186	186	Not to boil flesh-meat with milk	EXO 23:19	
negative	187	187	Not to eat flesh with milk	EXO 34:26	
negative	188	188	Not to eat the flesh of an ox that was condemned to be stoned	EXO 21:28	
negative	189	189	Not to eat bread made of new grain before (the Omer of barley has been offered up on the second day of) Passover	LEV 23:14	
negative	190	190	Not to eat roasted grain of the new produce (before that time)	LEV 23:14	
negative	191	191	Not to eat fresh ears of the new grain (before that time)	LEV 23:14	
negative	192	192	Not to eat the fruit of a tree for three years from the time it was planted	LEV 19:23	
negative	193	193	Not to eat the produce of diverse seeds sown in a vineyard	DEU 22:9	
negative	194	194	Not to drink wine of idolaters	DEU 32:38	
negative	195	195	Not to eat or drink like a glutton or drunkard	DEU 21:20	
negative	196	196	Not to eat on the Day of the Fast (Day of Atonement)	LEV 23:29	
negative	197	197	Not to eat leavened bread on Passover	EXO 13:3	
negative	198	198	Not to eat on Passover any food containing leaven	EXO 12:20	
negative	199	199	Not to eat leavened bread after mid-day on the fourteenth (of Nissan)	DEU 16:3	
negative	200	200	That leavened bread shall not be seen (in an Israelite’s home during Passover)	EXO 13:7	
negative	201	201	That no leaven be in the Israelite’s possession (during Passover)	EXO 12:19	
negative	202	202	That a Nazarite shall not drink wine, or anything mixed with wine which tastes like wine	NUM 6:3	
negative	203	203	That he shall not eat fresh grapes	NUM 6:3	
negative	204	204	That he shall not eat dried grapes (raisins)	NUM 6:3	
negative	205	205	That he shall not eat the kernels of the grapes	NUM 6:4	
negative	206	206	That he shall not eat of the skins of the grapes	NUM 6:4	
negative	207	207	That a Nazarite shall not defile himself for any dead person	NUM 6:7	
negative	208	208	That he shall not enter any covered structure where there is a dead body	NUM 6:6	
negative	209	209	That the Nazarite shall not cut his hair	NUM 6:5	
negative	210	210	Not to reap the entire field	LEV 19:9; LEV 23:22	
negative	211	211	Not to gather the ears that have fallen to the ground while reaping	LEV 19:9	
negative	212	212	Not to gather the imperfect clusters of the vineyard	LEV 19:10	
negative	213	213	Not to gather the clusters of grapes that have fallen to the ground”	LEV 19:10	
negative	214	214	Not to return to take a forgotten sheaf	DEU 24:19; DEU 24:20	
negative	215	215	Not to sow different kinds of seed together in one field	LEV 19:19	
negative	216	216	Not to sow grain or herbs in a vineyard	DEU 22:9	
negative	217	217	Not to cross-breed cattle of different species	LEV 19:19	
negative	218	218	Not to work with beasts of different species, yoked together	DEU 22:10	
negative	219	219	Not to muzzle a beast, while it is working in produce which it can eat and enjoy	DEU 25:4	
negative	220	220	Not to till the ground in the Sabbatical year	LEV 25:4	
negative	221	221	Not to do any work on the trees in the Sabbatical year	LEV 25:4	
negative	222	222	Not to reap the aftermath that grows in the Sabbatical year, in the same way as it is reaped in other years	LEV 25:5	
negative	223	223	Not to gather the fruit of the tree in the Sabbatical year in the same way as it is gathered in other years	LEV 25:5	
negative	224	224	Not to cultivate the soil nor do any work on the trees, in the Jubilee Year	LEV 25:11	
negative	225	225	Not to reap the aftermath of the field that grew of itself in the Jubilee Year, in the same way as in other years	LEV 25:11	
negative	226	226	Not to gather the fruit of the tree in the Jubilee Year, in the same way as in other years	LEV 25:11	
negative	227	227	Not to sell a field in the land of Israel in perpetuity	LEV 25:23	
negative	228	228	Not to change the character of the open land (about the cities of) the Levites or of their fields	LEV 25:34	
negative	229	229	Not to forsake the Levites	DEU 12:19	
negative	230	230	Not to demand return of a loan after the Sabbatical year has elapsed	DEU 15:2	
negative	231	231	Not to refrain from making a loan to a poor man, because of the Sabbatical year	DEU 15:9	
negative	232	232	Not to refrain from maintaining a poor man and giving him what he needs	DEU 15:7	
negative	233	233	Not to send away a Hebrew bondman servant empty handed, when he is freed from service	DEU 15:13	
negative	234	234	Not to demand from a poor man repayment of his debt, when the creditor knows that he is poor, nor press him	EXO 22:25	Exod. 22:24 in the Hebrew numbering is EXO 22:25
negative	235	235	Not to make a loan to an Israelite on interest	LEV 25:37	
negative	236	236	Not to take a loan on interest	DEU 23:20; DEU 23:19	
negative	237	237	Not to take part in any usurious transaction between borrower and lender, neither as a surety, nor as a witness, nor as a writer of the bond for them	EXO 22:25	Exod. 22:24 in the Hebrew numbering is EXO 22:25
negative	238	238	Not to delay payment of a hired man’s wages	LEV 19:13	
negative	239	239	Not to exact a pledge from a debtor by force	DEU 24:10	
negative	240	240	Not to keep the pledge from its owner, who is a poor man, at the time when he needs it	DEU 24:12	
negative	241	241	Not to take a pledge from a widow	DEU 24:17	
negative	242	242	Not to take in pledge utensils used in preparing food	DEU 24:6	
negative	243	243	Not to kidnap any person in Israel	EXO 20:15	Exod. 20:13 in the Decalogue as one verse is EXO 20:15
negative	244	244	Not to steal personal property	LEV 19:11	
negative	245	245	Not to rob by violence	LEV 19:13	
negative	246	246	Not to remove landmarks	DEU 19:14	
negative	247	247	Not to defraud	LEV 19:13	
negative	248	248	Not to deny falsely another’s property rights	LEV 19:11	
negative	249	249	Not to swear falsely in denial of another’s property rights	LEV 19:11	
negative	250	250	Not to do wrong in buying or selling	LEV 25:14	
negative	251	251	Not to wrong any one in speech	LEV 25:17	
negative	252	252	Not to wrong the stranger in speech	EXO 22:21	Exod. 22:20 in the Hebrew numbering is EXO 22:21
negative	253	253	Not to wrong the stranger in buying or selling	EXO 22:21	Exod. 22:20 in the Hebrew numbering is EXO 22:21
negative	254	254	Not to surrender a slave, who has fled to the land of Israel, to his owner who lives outside Palestine	DEU 23:15	Deut. 23:16 in the Hebrew numbering is DEU 23:15
negative	255	255	Not to wrong such a slave	DEU 23:16	Deut. 23:17 in the Hebrew numbering is DEU 23:16
negative	256	256	Not to afflict an orphan or a widow	EXO 22:22	Exod. 22:21 in the Hebrew numbering is EXO 22:22
negative	257	257	Not to compel the Hebrew servant to do the work of a slave	LEV 25:39	
negative	258	258	Not to sell him as a slave	LEV 25:42	
negative	259	259	Not to treat a Hebrew servant rigorously	LEV 25:43	
negative	260	260	Not to permit a Gentile to treat harshly a Hebrew bondman sold to him	LEV 25:53	
negative	261	261	Not to sell a Hebrew maid-servant to another person	EXO 21:8	
negative	262	262	Not to withhold from an espoused Hebrew bondwoman, food, clothing or conjugal rights	EXO 21:10	
negative	263	263	Not to sell a beautiful woman, (taken captive in war)	DEU 21:14	
negative	264	264	Not to degrade a beautiful woman (taken captive in war) to the condition of a bondwoman	DEU 21:14	
negative	265	265	Not to covet what belongs to another	EXO 20:17	
negative	266	266	Not to lust	DEU 5:21	Deut. 5:18 in the Decalogue as one verse is DEU 5:21
negative	267	267	That a hired labourer shall not eat produce attached to the soil, at which he is working, at a time when it is not being harvested	DEU 23:25	Deut. 23:26 in the Hebrew numbering is DEU 23:25
negative	268	268	That the hired labourer (at harvest time), shall not take more than he can eat	DEU 23:24	Deut. 23:25 in the Hebrew numbering is DEU 23:24
negative	269	269	Not to pretend not to have seen lost property, so as to save oneself the trouble of recovering it and restoring it to the owner	DEU 22:3	
negative	270	270	Not to leave a beast, that has fallen down beneath its burden, unaided	DEU 22:4; EXO 23:5	
negative	271	271	Not to commit fraud in measuring	LEV 19:35	
negative	272	272	Not to have in our possession diverse measures and weights	DEU 25:13-14	
negative	273	273	Not to render iniquitous decisions	LEV 19:15	
negative	274	274	Not to take a bribe	EXO 23:8	
negative	275	275	Not to show special courtesy to a great man, when trying a case	LEV 19:15	
negative	276	276	Not to be afraid of a bad man, when trying a case	DEU 1:17	
negative	277	277	Not to be moved in trying a case, by the poverty of one of the parties	LEV 19:15	
negative	278	278	Not to pervert the judgment of a sinner	EXO 23:6	
negative	279	279	Not to spare the offender, in imposing the prescribed penalties on one who has caused damage	DEU 19:13	
negative	280	280	Not to pervert the judgment of strangers or orphans	DEU 24:17	
negative	281	281	Not to hear one of the parties to a suit in the absence of the other party	EXO 23:1	
negative	282	282	Not to decide, in capital cases, according to the view of the majority, when those who are for condemnation exceed by one only, those who are for acquittal	EXO 23:2	
negative	283	283	That, in capital cases, one who had argued for acquittal, shall not later on argue for condemnation	EXO 23:2	
negative	284	284	Not to appoint as a judge, a person who is not well versed in the laws of the Torah, even if he is expert in other branches of knowledge	DEU 1:17	
negative	285	285	Not to testify falsely	EXO 20:16	
negative	286	286	That a transgressor shall not testify	EXO 23:1	
negative	287	287	That a relative shall not testify	DEU 24:16	
negative	288	288	Not to decide a case on the evidence of a single witness	DEU 19:15	
negative	289	289	Not to slay an innocent person	EXO 20:13	
negative	290	290	Not to render a decision on one’s personal opinion, but only on the evidence of two witnesses, who saw what actually occurred	EXO 23:7	
negative	291	291	That a witness, who has testified in a capital case, shall not lay down the law in that particular case	NUM 35:30	
negative	292	292	Not to execute one guilty of a capital offence, before he has stood his trial	NUM 35:12	
negative	293	293	Not to spare a pursuer, but he is to be slain before he reaches the pursued and slays the latter, or uncovers his nakedness	DEU 25:12	
negative	294	294	Not to punish any one who has committed an offence under duress	DEU 22:26	
negative	295	296	Not to accept ransom from an accidental homicide, so as to relieve him from exile	NUM 35:32	
negative	296	295	Not to accept ransom from a murderer	NUM 35:31	
negative	297	297	Not to stand by idly when a human life is in danger	LEV 19:16	
negative	298	298	Not to leave something that might cause hurt	DEU 22:8	
negative	299	299	Not to give occasion to the simple-minded to stumble on the road	LEV 19:14	
negative	300	300	Not to exceed the statutory number of stripes laid on one who has incurred that punishment	DEU 25:3	
negative	301	301	Not to carry tales	LEV 19:16	
negative	302	302	Not to cherish hatred in one’s heart	LEV 19:17	
negative	303	303	Not to put any person in Israel to shame	LEV 19:17	
negative	304	304	Not to take revenge	LEV 19:18	
negative	305	305	Not to bear a grudge	LEV 19:18	
negative	306	306	Not to take the mother-bird with the young	DEU 22:6	
negative	307	307	Not to shave off the hair of the scall	LEV 13:33	
negative	308	308	Not to pluck out the marks of leprosy	DEU 24:8	
negative	309	309	Not to plough nor sow the rough valley (in which a heifer’s neck was broken in expiation of a murder on the road, the perpetrator of which remained undiscovered)	DEU 21:4	
negative	310	310	Not to suffer any one practising witchcraft to live	EXO 22:18	Exod. 22:17 in the Hebrew numbering is EXO 22:18
negative	311	311	That a bridegroom shall be exempt for a whole year from taking part in any public labour, such as military service, guarding the wall and similar duties	DEU 24:5	
negative	312	312	Not to rebel against the orders of the Court	DEU 17:11	
negative	313	313	Not to add to the commandments of the Torah, whether in the Written Law or in its interpretation received by tradition	DEU 12:32	Deut. 13:1 in the Hebrew numbering is DEU 12:32
negative	314	314	Not to take away from the commandments of the Torah	DEU 12:32	
negative	315	315	Not to curse a judge	EXO 22:28	Exod. 22:27 in the Hebrew numbering is EXO 22:28
negative	316	316	Not to curse a ruler, that is, the King or the head of the College in the land of Israel	EXO 22:28	Exod. 22:27 in the Hebrew numbering is EXO 22:28
negative	317	317	Not to curse any other Israelite	LEV 19:14	
negative	318	318	Not to curse a father or mother	EXO 21:17	
negative	319	319	Not to smite a father or a mother	EXO 21:15	
negative	320	320	Not to do work on the Sabbath	EXO 20:10	
negative	321	321	Not to travel on the Sabbath outside the limits of one’s place of residence	EXO 16:29	
negative	322	322	Not to inflict punishment on the Sabbath day	EXO 35:3	
negative	323	323	Not to do work on the first day of Passover	EXO 12:16	
negative	324	324	Not to do work on the seventh day of Passover	EXO 12:16	
negative	325	325	Not to do work on the Feast of Pentecost	LEV 23:21	
negative	326	326	Not to do work on the first day of the seventh month	LEV 23:25	
negative	327	328	Not to do work on the first day of the Feast (of Tabernacles)	LEV 23:35	
negative	328	329	Not to do work on the eighth day of the Feast (of Tabernacles)	LEV 23:36	
negative	329	327	Not to do work on the Day of Atonement	LEV 23:31	
negative	330	330	Not to commit incest with one’s mother	LEV 18:7	
negative	331	331	Not to commit incest with one’s father’s wife	LEV 18:8	
negative	332	332	Not to commit incest with one’s sister	LEV 18:9	
negative	333	333	Not to commit incest with one’s half sister	LEV 18:9	
negative	334	334	Not to commit incest with one’s son’s daughter	LEV 18:10	
negative	335	335	Not to commit incest with one’s daughter’s daughter	LEV 18:10	
negative	336	336	Not to commit incest with one’s daughter	LEV 18:10	ours: the list cites no verse; this is the one it says the rule is learnt from
negative	337	337	Not to commit incest with one’s wife’s daughter	LEV 18:17	
negative	338	338	Not to commit incest with the daughter of one’s wife’s son	LEV 18:17	
negative	339	339	Not to commit incest with the daughter of one’s wife’s daughter	LEV 18:17	
negative	340	340	Not to commit incest with one’s father’s sister	LEV 18:12	
negative	341	341	Not to commit incest with one’s mother’s sister	LEV 18:13	
negative	342	342	Not to commit incest with one’s father’s brother’s wife	LEV 18:14	
negative	343	343	Not to commit incest with one’s son’s wife	LEV 18:15	
negative	344	344	Not to commit incest with one’s brother’s wife	LEV 18:16	
negative	345	345	Not to commit incest with one’s wife’s sister	LEV 18:18	
negative	346	346	Not to have intercourse with a woman, in her menstrual period	LEV 18:19	
negative	347	347	Not to have intercourse with another man’s wife	LEV 18:20	
negative	348	348	Not to have intercourse with a beast	LEV 18:23	
negative	349	349	That a woman shall not have intercourse with a beast	LEV 18:23	
negative	350	350	Not to commit sodomy with a male	LEV 18:22	
negative	351	351	Not to commit sodomy with one’s father	LEV 18:7	
negative	352	352	Not to commit sodomy with one’s father’s brother	LEV 18:14	
negative	353	353	Not to indulge in familiarities with relatives, such as kissing, embracing, winking, skipping, which may lead to incest	LEV 18:6	
negative	354	354	That a bastard shall not marry the daughter of an Israelite	DEU 23:2	
negative	355	355	That there shall be no harlot (in Israel); that is, that there shall be no intercourse with a woman, without previous marriage with a deed of marriage and formal declaration of marriage	DEU 23:17	Deut. 23:18 in the Hebrew numbering is DEU 23:17
negative	356	356	That one who divorced his wife shall not re-marry her, if after the divorce she had been married to another man	DEU 24:4	
negative	357	357	That a widow whose husband died childless must not be married to anyone but her deceased husband’s brother	DEU 25:5	
negative	358	358	That one who has raped a damsel and has then (in accordance with the law) married her, may not divorce her	DEU 22:29	
negative	359	359	That a man may not divorce his wife concerning whom he has published an evil report	DEU 22:19	
negative	360	360	That a eunuch shall not marry a daughter of Israel	DEU 23:1	Deut. 23:2 in the Hebrew numbering is DEU 23:1
negative	361	361	Not to castrate the male of any species; neither a man, nor a domestic or wild beast, nor a fowl	LEV 22:24	
negative	362	362	Not to appoint as ruler over Israel, one who comes from non-Israelites	DEU 17:15	
negative	363	363	That the King shall not acquire an excessive number of horses	DEU 17:16	
negative	364	364	That the King shall not take an excessive number of wives	DEU 17:17	
negative	365	365	That he shall not accumulate an excessive quantity of gold and silver	DEU 17:17	
